datahora,satelite,pais,estado,municipio,bioma,diasemchuva,precipitacao,riscofogo,latitude,longitude,frp
2020/06/18 16:40:00,AQUA_M-T,Brasil,RIO DE JANEIRO,RIO DE JANEIRO,Mata Atlantica,8,0,-999,-22.8820,-43.5310,5.5
2020/06/20 16:30:00,AQUA_M-T,Brasil,RIO DE JANEIRO,BOM JARDIM,Mata Atlantica,5,0,0.5,-22.2530,-42.4080,8
2020/06/20 16:30:00,AQUA_M-T,Brasil,RIO DE JANEIRO,SEROPEDICA,Mata Atlantica,9,0,1,-22.7350,-43.7370,10.1
2020/06/22 16:15:00,AQUA_M-T,Brasil,RIO DE JANEIRO,SEROPEDICA,Mata Atlantica,11,0,1,-22.6870,-43.6700,16.1
2020/06/22 16:15:00,AQUA_M-T,Brasil,RIO DE JANEIRO,SAO FRANCISCO DE ITABAPOANA,Mata Atlantica,18,0,1,-21.5370,-41.2010,17.2
2020/05/01 16:40:00,AQUA_M-T,Brasil,RIO DE JANEIRO,NILOPOLIS,Mata Atlantica,-999,0,1,-22.8340,-43.4570,10.1
2020/05/01 16:40:00,AQUA_M-T,Brasil,RIO DE JANEIRO,NILOPOLIS,Mata Atlantica,-999,0,1,-22.8330,-43.4470,7.4
2020/05/01 16:40:00,AQUA_M-T,Brasil,RIO DE JANEIRO,MAGE,Mata Atlantica,-999,0,0.9,-22.6470,-43.1730,7.3
2020/05/01 16:40:00,AQUA_M-T,Brasil,RIO DE JANEIRO,CARMO,Mata Atlantica,12,0,0.6,-21.8660,-42.5490,3.9
2020/05/01 16:40:00,AQUA_M-T,Brasil,RIO DE JANEIRO,PARAIBA DO SUL,Mata Atlantica,12,0,1,-22.2210,-43.2800,4.8
2020/05/01 16:40:00,AQUA_M-T,Brasil,RIO DE JANEIRO,PETROPOLIS,Mata Atlantica,12,0,0.5,-22.2690,-43.0370,14.9
2020/06/02 16:40:00,AQUA_M-T,Brasil,RIO DE JANEIRO,QUEIMADOS,Mata Atlantica,8,0,1,-22.7400,-43.5920,6.8
2020/06/02 16:40:00,AQUA_M-T,Brasil,RIO DE JANEIRO,QUEIMADOS,Mata Atlantica,8,0,1,-22.7470,-43.5850,4.7
2020/06/02 16:40:00,AQUA_M-T,Brasil,RIO DE JANEIRO,SAQUAREMA,Mata Atlantica,8,0,0.5,-22.8850,-42.6260,6.7
2020/06/13 16:20:00,AQUA_M-T,Brasil,RIO DE JANEIRO,SEROPEDICA,Mata Atlantica,2,0,1,-22.8410,-43.6850,10.9
2020/06/13 16:20:00,AQUA_M-T,Brasil,RIO DE JANEIRO,MARICA,Mata Atlantica,2,0,0.8,-22.8500,-42.7670,7.1
2020/06/13 16:20:00,AQUA_M-T,Brasil,RIO DE JANEIRO,RIO DE JANEIRO,Mata Atlantica,-999,0,0.5,-22.9170,-43.4450,15.2
2020/06/13 16:20:00,AQUA_M-T,Brasil,RIO DE JANEIRO,PIRAI,Mata Atlantica,4,0,1,-22.5950,-44.0250,11.1
2020/10/01 16:35:00,AQUA_M-T,Brasil,RIO DE JANEIRO,BOM JARDIM,Mata Atlantica,3,0,0.4,-22.2870,-42.3650,5.9
2020/10/01 16:35:00,AQUA_M-T,Brasil,RIO DE JANEIRO,SAO FIDELIS,Mata Atlantica,3,0,0.4,-21.8430,-41.8910,26.4
2020/06/09 16:45:00,AQUA_M-T,Brasil,RIO DE JANEIRO,ITAGUAI,Mata Atlantica,2,0,0.8,-22.8940,-43.7810,5.7
2020/06/13 16:20:00,AQUA_M-T,Brasil,RIO DE JANEIRO,PIRAI,Mata Atlantica,3,0,0.8,-22.7590,-43.8610,14.1
2020/01/01 16:45:00,AQUA_M-T,Brasil,RIO DE JANEIRO,MARICA,Mata Atlantica,8,0,0.9,-22.9570,-42.9150,36.6
2020/01/01 16:45:00,AQUA_M-T,Brasil,RIO DE JANEIRO,MARICA,Mata Atlantica,8,0,1,-22.9520,-42.9220,12.4
2020/01/01 16:45:00,AQUA_M-T,Brasil,RIO DE JANEIRO,MARICA,Mata Atlantica,8,0,0.9,-22.9500,-42.9120,5.9
2020/01/01 16:45:00,AQUA_M-T,Brasil,RIO DE JANEIRO,MARICA,Mata Atlantica,8,0,0.9,-22.9590,-42.9250,7.8
2020/01/12 16:30:00,AQUA_M-T,Brasil,RIO DE JANEIRO,ITAPERUNA,Mata Atlantica,1,1,0.1,-21.2020,-41.9000,11.1
2020/01/10 16:40:00,AQUA_M-T,Brasil,RIO DE JANEIRO,TANGUA,Mata Atlantica,0,1.8,-999,-22.7330,-42.7220,6.3
2020/01/26 16:40:00,AQUA_M-T,Brasil,RIO DE JANEIRO,BARRA MANSA,Mata Atlantica,2,0,-999,-22.5150,-44.1980,8.1
2020/02/18 16:45:00,AQUA_M-T,Brasil,RIO DE JANEIRO,ITAGUAI,Mata Atlantica,-999,0,-999,-23.0530,-43.6910,6.8
2020/02/18 16:45:00,AQUA_M-T,Brasil,RIO DE JANEIRO,ANGRA DOS REIS,Mata Atlantica,6,0,-999,-23.0130,-44.5370,9.7
2020/02/20 16:35:00,AQUA_M-T,Brasil,RIO DE JANEIRO,ITABORAI,Mata Atlantica,3,0,0.3,-22.6640,-42.8970,20.9
2020/02/20 16:35:00,AQUA_M-T,Brasil,RIO DE JANEIRO,ITABORAI,Mata Atlantica,3,0,0.2,-22.6620,-42.8870,14.5
2020/02/20 16:35:00,AQUA_M-T,Brasil,RIO DE JANEIRO,BARRA MANSA,Mata Atlantica,0,3.1,-999,-22.5180,-44.1960,7
2020/02/20 16:35:00,AQUA_M-T,Brasil,RIO DE JANEIRO,PARAIBA DO SUL,Mata Atlantica,2,1.3,0.1,-22.2120,-43.2810,10.5
2020/02/20 16:35:00,AQUA_M-T,Brasil,RIO DE JANEIRO,PARAIBA DO SUL,Mata Atlantica,2,1.4,0.1,-22.2190,-43.2850,10.3
2020/02/20 16:35:00,AQUA_M-T,Brasil,RIO DE JANEIRO,PATY DO ALFERES,Mata Atlantica,3,1.3,0.1,-22.3200,-43.4030,11.2
2020/02/20 16:35:00,AQUA_M-T,Brasil,RIO DE JANEIRO,RESENDE,Mata Atlantica,0,0.2,0.1,-22.4410,-44.3830,12.5
2020/02/20 16:35:00,AQUA_M-T,Brasil,RIO DE JANEIRO,QUEIMADOS,Mata Atlantica,3,0,-999,-22.7080,-43.5610,12.5
2020/03/12 16:55:00,AQUA_M-T,Brasil,RIO DE JANEIRO,VALENCA,Mata Atlantica,4,0,0.4,-22.2050,-44.0060,7.6
2020/03/12 16:55:00,AQUA_M-T,Brasil,RIO DE JANEIRO,VALENCA,Mata Atlantica,4,0,0,-22.2030,-43.9950,8.2
2020/03/12 16:55:00,AQUA_M-T,Brasil,RIO DE JANEIRO,VALENCA,Mata Atlantica,4,0,0.3,-22.2070,-44.0000,19.4
2020/03/16 16:30:00,AQUA_M-T,Brasil,RIO DE JANEIRO,ANGRA DOS REIS,Mata Atlantica,7,0.8,-999,-23.0160,-44.5320,7.5
2020/03/14 16:40:00,AQUA_M-T,Brasil,RIO DE JANEIRO,VALENCA,Mata Atlantica,5,0,0.6,-22.0990,-43.6900,9.5
2020/03/27 16:10:00,AQUA_M-T,Brasil,RIO DE JANEIRO,CARAPEBUS,Mata Atlantica,7,0,0.5,-22.1980,-41.6030,14.9
2020/04/06 16:45:00,AQUA_M-T,Brasil,RIO DE JANEIRO,RIO BONITO,Mata Atlantica,6,0,1,-22.7560,-42.4600,5.3
2020/04/26 16:20:00,AQUA_M-T,Brasil,RIO DE JANEIRO,VASSOURAS,Mata Atlantica,7,0,0.8,-22.3190,-43.6030,8.3
2020/04/26 16:20:00,AQUA_M-T,Brasil,RIO DE JANEIRO,VASSOURAS,Mata Atlantica,7,0,0.9,-22.3170,-43.5880,19.4
2020/04/22 16:45:00,AQUA_M-T,Brasil,RIO DE JANEIRO,ITAGUAI,Mata Atlantica,3,0,1,-22.8520,-43.7440,6.6
2020/04/24 16:35:00,AQUA_M-T,Brasil,RIO DE JANEIRO,SAQUAREMA,Mata Atlantica,5,0,1,-22.8640,-42.4190,5.7
2020/04/24 16:35:00,AQUA_M-T,Brasil,RIO DE JANEIRO,NOVA IGUACU,Mata Atlantica,5,0,1,-22.7620,-43.5720,5.3
2020/04/24 16:35:00,AQUA_M-T,Brasil,RIO DE JANEIRO,BOM JARDIM,Mata Atlantica,5,0,0.4,-22.2920,-42.3390,6.4
2020/04/29 16:55:00,AQUA_M-T,Brasil,RIO DE JANEIRO,SEROPEDICA,Mata Atlantica,10,0,0.5,-22.7540,-43.7440,10.2
2020/04/29 16:55:00,AQUA_M-T,Brasil,RIO DE JANEIRO,RIO DE JANEIRO,Mata Atlantica,10,0,0.5,-22.8930,-43.7740,7.1
2020/04/29 16:55:00,AQUA_M-T,Brasil,RIO DE JANEIRO,ITAGUAI,Mata Atlantica,10,0,1,-22.8950,-43.7850,6
2020/05/01 16:40:00,AQUA_M-T,Brasil,RIO DE JANEIRO,BOM JESUS DO ITABAPOANA,Mata Atlantica,12,0,1,-20.9530,-41.7460,11
2020/05/01 16:40:00,AQUA_M-T,Brasil,RIO DE JANEIRO,PATY DO ALFERES,Mata Atlantica,12,0,1,-22.4250,-43.4210,4.4
2020/05/01 16:40:00,AQUA_M-T,Brasil,RIO DE JANEIRO,QUEIMADOS,Mata Atlantica,12,0,1,-22.7180,-43.6020,4.6
2020/05/01 16:40:00,AQUA_M-T,Brasil,RIO DE JANEIRO,SEROPEDICA,Mata Atlantica,12,0,1,-22.8310,-43.7570,6
2020/05/01 16:40:00,AQUA_M-T,Brasil,RIO DE JANEIRO,ITAGUAI,Mata Atlantica,12,0,1,-22.8320,-43.7670,4.8
2020/05/01 16:40:00,AQUA_M-T,Brasil,RIO DE JANEIRO,SEROPEDICA,Mata Atlantica,12,0,1,-22.8330,-43.7070,5.1
2020/05/01 16:40:00,AQUA_M-T,Brasil,RIO DE JANEIRO,SAQUAREMA,Mata Atlantica,12,0,1,-22.8560,-42.4090,5
2020/05/12 16:20:00,AQUA_M-T,Brasil,RIO DE JANEIRO,CABO FRIO,Mata Atlantica,5,0,0.6,-22.5620,-42.1380,12.9
2020/05/12 16:20:00,AQUA_M-T,Brasil,RIO DE JANEIRO,BARRA DO PIRAI,Mata Atlantica,5,0,1,-22.4520,-43.8520,14.1
2020/05/12 16:20:00,AQUA_M-T,Brasil,RIO DE JANEIRO,ITAPERUNA,Mata Atlantica,3,0,1,-21.2000,-41.8070,32.9
2020/05/12 16:20:00,AQUA_M-T,Brasil,RIO DE JANEIRO,ITAPERUNA,Mata Atlantica,4,0,1,-21.1990,-41.7950,9.2
2020/05/08 16:45:00,AQUA_M-T,Brasil,RIO DE JANEIRO,VASSOURAS,Mata Atlantica,0,0,0.9,-22.2620,-43.4240,10
2020/05/10 16:35:00,AQUA_M-T,Brasil,RIO DE JANEIRO,RESENDE,Mata Atlantica,3,0,1,-22.4390,-44.4480,8.1
2020/05/10 16:35:00,AQUA_M-T,Brasil,RIO DE JANEIRO,PARACAMBI,Mata Atlantica,3,0,1,-22.6820,-43.7970,5.5
2020/05/11 17:15:00,AQUA_M-T,Brasil,RIO DE JANEIRO,ENGENHEIRO PAULO DE FRONTIN,Mata Atlantica,4,0,0.4,-22.5300,-43.5860,26.2
2020/06/11 16:35:00,AQUA_M-T,Brasil,RIO DE JANEIRO,CAMPOS DOS GOYTACAZES,Mata Atlantica,16,0.8,1,-21.3010,-41.3290,11.5
2020/06/11 16:35:00,AQUA_M-T,Brasil,RIO DE JANEIRO,SEROPEDICA,Mata Atlantica,1,1.1,1,-22.7180,-43.7060,10.3
2020/06/11 16:35:00,AQUA_M-T,Brasil,RIO DE JANEIRO,SEROPEDICA,Mata Atlantica,1,1,1,-22.7170,-43.6950,12.4
2020/05/31 16:50:00,AQUA_M-T,Brasil,RIO DE JANEIRO,MARICA,Mata Atlantica,6,0,0.7,-22.9070,-42.9500,6.7
2020/05/27 17:15:00,AQUA_M-T,Brasil,RIO DE JANEIRO,RIO DE JANEIRO,Mata Atlantica,-999,0,-999,-23.0060,-43.5890,20
2020/05/27 17:15:00,AQUA_M-T,Brasil,RIO DE JANEIRO,ITAGUAI,Mata Atlantica,2,0,0.3,-22.8960,-43.8080,31.1
2020/05/27 17:15:00,AQUA_M-T,Brasil,RIO DE JANEIRO,ITAGUAI,Mata Atlantica,2,0,0.3,-22.8900,-43.7800,28.9
2020/05/29 17:05:00,AQUA_M-T,Brasil,RIO DE JANEIRO,PARACAMBI,Mata Atlantica,4,0,0.9,-22.5890,-43.6220,14.3
2020/06/02 16:40:00,AQUA_M-T,Brasil,RIO DE JANEIRO,CACHOEIRAS DE MACACU,Mata Atlantica,8,0,0.9,-22.6370,-42.8180,6.4
2020/06/02 16:40:00,AQUA_M-T,Brasil,RIO DE JANEIRO,SILVA JARDIM,Mata Atlantica,8,0,1,-22.5640,-42.2040,8.2
2020/06/19 17:25:00,AQUA_M-T,Brasil,RIO DE JANEIRO,ITAGUAI,Mata Atlantica,8,0.6,0.9,-22.7170,-43.7890,32.1
2020/06/19 17:25:00,AQUA_M-T,Brasil,RIO DE JANEIRO,PIRAI,Mata Atlantica,8,1,0.8,-22.7250,-43.8280,35.7
2020/06/21 17:10:00,AQUA_M-T,Brasil,RIO DE JANEIRO,PIRAI,Mata Atlantica,11,0,1,-22.5160,-43.8490,21.3
2020/06/21 17:10:00,AQUA_M-T,Brasil,RIO DE JANEIRO,BARRA DO PIRAI,Mata Atlantica,10,0,1,-22.5170,-43.8640,16
2020/06/21 17:10:00,AQUA_M-T,Brasil,RIO DE JANEIRO,SEROPEDICA,Mata Atlantica,10,0,1,-22.7000,-43.7130,40.2
2020/06/25 16:45:00,AQUA_M-T,Brasil,RIO DE JANEIRO,VASSOURAS,Mata Atlantica,5,1.7,0.5,-22.3970,-43.5160,6.1
2020/06/25 16:45:00,AQUA_M-T,Brasil,RIO DE JANEIRO,PARACAMBI,Mata Atlantica,14,0.1,1,-22.6490,-43.7150,17.1
2020/06/25 16:45:00,AQUA_M-T,Brasil,RIO DE JANEIRO,DUQUE DE CAXIAS,Mata Atlantica,-999,0.5,1,-22.6690,-43.3640,4.4
2020/06/23 17:00:00,AQUA_M-T,Brasil,RIO DE JANEIRO,PIRAI,Mata Atlantica,4,0,1,-22.7500,-43.8760,21.9
2020/06/23 17:00:00,AQUA_M-T,Brasil,RIO DE JANEIRO,PIRAI,Mata Atlantica,4,0,0.7,-22.7530,-43.8900,49.5
2020/06/24 16:05:00,AQUA_M-T,Brasil,RIO DE JANEIRO,ENGENHEIRO PAULO DE FRONTIN,Mata Atlantica,5,0,0.9,-22.4810,-43.5690,28.2
2020/06/24 16:05:00,AQUA_M-T,Brasil,RIO DE JANEIRO,ENGENHEIRO PAULO DE FRONTIN,Mata Atlantica,6,0,0.9,-22.4880,-43.5720,40.9
2020/06/13 16:20:00,AQUA_M-T,Brasil,RIO DE JANEIRO,SILVA JARDIM,Mata Atlantica,2,0,1,-22.5600,-42.2200,8.3
2020/06/13 16:20:00,AQUA_M-T,Brasil,RIO DE JANEIRO,SILVA JARDIM,Mata Atlantica,2,0,1,-22.5630,-42.2270,9.1
2020/06/13 16:20:00,AQUA_M-T,Brasil,RIO DE JANEIRO,PINHEIRAL,Mata Atlantica,3,0,1,-22.5840,-44.0160,21.1
2020/06/13 16:20:00,AQUA_M-T,Brasil,RIO DE JANEIRO,PIRAI,Mata Atlantica,3,0,1,-22.5930,-44.0080,9.6
2020/06/27 16:35:00,AQUA_M-T,Brasil,RIO DE JANEIRO,CARMO,Mata Atlantica,32,0,1,-21.8600,-42.6020,7.2
2020/06/27 16:35:00,AQUA_M-T,Brasil,RIO DE JANEIRO,PIRAI,Mata Atlantica,1,2.5,0.7,-22.6660,-43.8810,10.8
2020/06/27 16:35:00,AQUA_M-T,Brasil,RIO DE JANEIRO,PIRAI,Mata Atlantica,1,2.8,0.9,-22.6670,-43.8920,6
2020/06/27 16:35:00,AQUA_M-T,Brasil,RIO DE JANEIRO,ITAGUAI,Mata Atlantica,12,3.2,1,-22.8180,-43.7920,14.8
2020/06/27 16:35:00,AQUA_M-T,Brasil,RIO DE JANEIRO,ITAGUAI,Mata Atlantica,12,3.3,1,-22.8280,-43.7910,9.9
2020/07/02 16:55:00,AQUA_M-T,Brasil,RIO DE JANEIRO,PATY DO ALFERES,Mata Atlantica,0,0,0.9,-22.3360,-43.4020,29.8
2020/07/02 16:55:00,AQUA_M-T,Brasil,RIO DE JANEIRO,PATY DO ALFERES,Mata Atlantica,0,0,0.9,-22.3340,-43.3900,18.2
2020/07/02 16:50:00,AQUA_M-T,Brasil,RIO DE JANEIRO,JAPERI,Mata Atlantica,0,0,0.9,-22.6590,-43.6180,6.1
2020/07/04 16:40:00,AQUA_M-T,Brasil,RIO DE JANEIRO,VOLTA REDONDA,Mata Atlantica,3,0,1,-22.5180,-44.0570,4.7
2020/07/04 16:40:00,AQUA_M-T,Brasil,RIO DE JANEIRO,PINHEIRAL,Mata Atlantica,3,0,1,-22.5220,-44.0160,6.2
2020/07/05 17:25:00,AQUA_M-T,Brasil,RIO DE JANEIRO,RIO DE JANEIRO,Mata Atlantica,4,0,1,-22.8760,-43.5920,38.7
2020/07/06 16:30:00,AQUA_M-T,Brasil,RIO DE JANEIRO,TANGUA,Mata Atlantica,5,0,1,-22.8170,-42.7340,4.3
2020/07/06 16:30:00,AQUA_M-T,Brasil,RIO DE JANEIRO,NOVA IGUACU,Mata Atlantica,-999,0,-999,-22.7560,-43.4700,6.5
2020/07/06 16:30:00,AQUA_M-T,Brasil,RIO DE JANEIRO,RESENDE,Mata Atlantica,7,0,1,-22.5800,-44.4770,12.6
2020/07/06 16:30:00,AQUA_M-T,Brasil,RIO DE JANEIRO,RESENDE,Mata Atlantica,7,0,0.8,-22.5790,-44.4630,4.2
2020/07/06 16:30:00,AQUA_M-T,Brasil,RIO DE JANEIRO,MIGUEL PEREIRA,Mata Atlantica,-999,0,0.9,-22.5450,-43.4970,10.4
2020/07/06 16:30:00,AQUA_M-T,Brasil,RIO DE JANEIRO,MIGUEL PEREIRA,Mata Atlantica,-999,0,0.7,-22.5440,-43.4840,5.6
2020/07/06 16:30:00,AQUA_M-T,Brasil,RIO DE JANEIRO,CAMPOS DOS GOYTACAZES,Mata Atlantica,39,0,1,-21.8650,-41.3530,9.8
2020/07/06 16:30:00,AQUA_M-T,Brasil,RIO DE JANEIRO,ITATIAIA,Mata Atlantica,7,0,0.7,-22.4790,-44.5680,10.6
2020/07/06 16:30:00,AQUA_M-T,Brasil,RIO DE JANEIRO,QUISSAMA,Mata Atlantica,-999,0,1,-22.0850,-41.4780,4.7
2020/07/07 17:10:00,AQUA_M-T,Brasil,RIO DE JANEIRO,PIRAI,Mata Atlantica,6,0,1,-22.6020,-43.8740,68.6
2020/07/07 17:10:00,AQUA_M-T,Brasil,RIO DE JANEIRO,PIRAI,Mata Atlantica,6,0,1,-22.5980,-43.8510,14.7
2020/07/07 17:10:00,AQUA_M-T,Brasil,RIO DE JANEIRO,TRES RIOS,Mata Atlantica,6,0,1,-22.1310,-43.1700,19.7
2020/07/08 16:15:00,AQUA_M-T,Brasil,RIO DE JANEIRO,BOM JARDIM,Mata Atlantica,7,0,0.7,-22.2360,-42.4520,6.8
2020/07/08 16:15:00,AQUA_M-T,Brasil,RIO DE JANEIRO,PARACAMBI,Mata Atlantica,7,0,1,-22.6450,-43.7270,24.3
2020/07/08 16:15:00,AQUA_M-T,Brasil,RIO DE JANEIRO,NOVA IGUACU,Mata Atlantica,7,0,1,-22.8110,-43.5730,47.4
2020/07/08 16:15:00,AQUA_M-T,Brasil,RIO DE JANEIRO,SAO GONCALO,Mata Atlantica,-999,0,0.8,-22.8800,-43.0190,16.4
2020/07/08 16:15:00,AQUA_M-T,Brasil,RIO DE JANEIRO,DUQUE DE CAXIAS,Mata Atlantica,-999,0,0.9,-22.6710,-43.2260,12.5
2020/07/08 16:15:00,AQUA_M-T,Brasil,RIO DE JANEIRO,DUQUE DE CAXIAS,Mata Atlantica,-999,0,1,-22.6680,-43.2310,19.5
2020/07/08 16:15:00,AQUA_M-T,Brasil,RIO DE JANEIRO,NOVA FRIBURGO,Mata Atlantica,7,0,0.7,-22.2470,-42.4500,12.5
2020/07/08 16:15:00,AQUA_M-T,Brasil,RIO DE JANEIRO,CAMPOS DOS GOYTACAZES,Mata Atlantica,21,0,1,-21.7050,-41.2890,27.7
2020/07/08 16:15:00,AQUA_M-T,Brasil,RIO DE JANEIRO,CAMPOS DOS GOYTACAZES,Mata Atlantica,20,0,1,-21.7000,-41.2950,11.6
2020/07/08 16:15:00,AQUA_M-T,Brasil,RIO DE JANEIRO,CAMPOS DOS GOYTACAZES,Mata Atlantica,18,0,1,-21.6980,-41.2820,8.3
2020/07/09 17:00:00,AQUA_M-T,Brasil,RIO DE JANEIRO,PARAIBA DO SUL,Mata Atlantica,8,0,1,-22.1980,-43.2700,10.8
2020/07/09 17:00:00,AQUA_M-T,Brasil,RIO DE JANEIRO,SAO JOSE DO VALE DO RIO PRETO,Mata Atlantica,8,0,1,-22.1760,-42.9440,23.7
2020/07/09 17:00:00,AQUA_M-T,Brasil,RIO DE JANEIRO,SAO FRANCISCO DE ITABAPOANA,Mata Atlantica,6,0,1,-21.4590,-41.0680,174.1
2020/07/09 17:00:00,AQUA_M-T,Brasil,RIO DE JANEIRO,SAO FRANCISCO DE ITABAPOANA,Mata Atlantica,6,0,1,-21.4550,-41.0640,181.6
2020/07/11 16:45:00,AQUA_M-T,Brasil,RIO DE JANEIRO,RIO DE JANEIRO,Mata Atlantica,10,0,1,-22.8560,-43.5180,13.2
2020/07/11 16:45:00,AQUA_M-T,Brasil,RIO DE JANEIRO,RIO DE JANEIRO,Mata Atlantica,10,0,0.8,-22.8550,-43.5080,11.1
2020/07/11 16:45:00,AQUA_M-T,Brasil,RIO DE JANEIRO,CANTAGALO,Mata Atlantica,38,0,0.8,-21.8970,-42.3400,13
2020/07/11 16:45:00,AQUA_M-T,Brasil,RIO DE JANEIRO,RIO DE JANEIRO,Mata Atlantica,10,0,1,-22.9320,-43.5410,6.8
2020/07/11 16:45:00,AQUA_M-T,Brasil,RIO DE JANEIRO,ITAGUAI,Mata Atlantica,10,0,1,-22.8560,-43.8260,10.4
2020/07/11 16:45:00,AQUA_M-T,Brasil,RIO DE JANEIRO,RIO CLARO,Mata Atlantica,10,0,0.8,-22.7370,-44.1430,10.3
2020/07/11 16:45:00,AQUA_M-T,Brasil,RIO DE JANEIRO,PIRAI,Mata Atlantica,10,0,1,-22.5900,-43.9640,5.3
2020/07/11 16:45:00,AQUA_M-T,Brasil,RIO DE JANEIRO,RESENDE,Mata Atlantica,13,0,1,-22.4440,-44.3990,9.6
2020/07/11 16:45:00,AQUA_M-T,Brasil,RIO DE JANEIRO,RIO DE JANEIRO,Mata Atlantica,10,0,1,-22.9690,-43.5960,14
2020/07/11 16:45:00,AQUA_M-T,Brasil,RIO DE JANEIRO,RIO DE JANEIRO,Mata Atlantica,10,0,0.8,-22.9410,-43.5390,9.8
2020/07/11 16:45:00,AQUA_M-T,Brasil,RIO DE JANEIRO,COMENDADOR LEVY GASPARIAN,Mata Atlantica,10,0,1,-22.0550,-43.2200,3.9
2020/07/11 16:45:00,AQUA_M-T,Brasil,RIO DE JANEIRO,COMENDADOR LEVY GASPARIAN,Mata Atlantica,10,0,1,-22.0530,-43.2090,10.2
2020/07/11 16:45:00,AQUA_M-T,Brasil,RIO DE JANEIRO,CAMPOS DOS GOYTACAZES,Mata Atlantica,8,0,1,-21.6100,-41.2260,8.1
2020/07/13 16:35:00,AQUA_M-T,Brasil,RIO DE JANEIRO,ITABORAI,Mata Atlantica,12,0.1,1,-22.8370,-42.7490,5.3
2020/07/13 16:35:00,AQUA_M-T,Brasil,RIO DE JANEIRO,ITABORAI,Mata Atlantica,12,0.1,1,-22.8360,-42.7390,21.2
2020/07/13 16:35:00,AQUA_M-T,Brasil,RIO DE JANEIRO,SEROPEDICA,Mata Atlantica,12,0.1,1,-22.8250,-43.7640,6.7
2020/07/13 16:35:00,AQUA_M-T,Brasil,RIO DE JANEIRO,TANGUA,Mata Atlantica,12,0.1,1,-22.8250,-42.7310,15.7
2020/07/13 16:35:00,AQUA_M-T,Brasil,RIO DE JANEIRO,TANGUA,Mata Atlantica,12,0.2,1,-22.8240,-42.7210,5.5
2020/07/13 16:35:00,AQUA_M-T,Brasil,RIO DE JANEIRO,ARMACAO DOS BUZIOS,Mata Atlantica,-999,0,1,-22.7750,-41.9700,8.6
2020/07/13 16:35:00,AQUA_M-T,Brasil,RIO DE JANEIRO,ITABORAI,Mata Atlantica,12,0,1,-22.7290,-42.8950,14.6
2020/07/13 16:35:00,AQUA_M-T,Brasil,RIO DE JANEIRO,GUAPIMIRIM,Mata Atlantica,12,0,1,-22.6380,-42.9060,7.5
2020/07/13 16:35:00,AQUA_M-T,Brasil,RIO DE JANEIRO,CACHOEIRAS DE MACACU,Mata Atlantica,12,0,1,-22.6360,-42.8960,8.5
2020/07/13 16:35:00,AQUA_M-T,Brasil,RIO DE JANEIRO,VOLTA REDONDA,Mata Atlantica,4,0.1,1,-22.4680,-44.1010,7.9
2020/07/13 16:35:00,AQUA_M-T,Brasil,RIO DE JANEIRO,BARRA DO PIRAI,Mata Atlantica,12,0.1,1,-22.3760,-44.0210,6.5
2020/07/18 16:50:00,AQUA_M-T,Brasil,RIO DE JANEIRO,PIRAI,Mata Atlantica,17,0,1,-22.7870,-43.8590,8.1
2020/07/18 16:55:00,AQUA_M-T,Brasil,RIO DE JANEIRO,CAMPOS DOS GOYTACAZES,Mata Atlantica,51,0,1,-21.8660,-41.3120,15.3
2020/07/18 16:55:00,AQUA_M-T,Brasil,RIO DE JANEIRO,CAMPOS DOS GOYTACAZES,Mata Atlantica,50,0,1,-21.8690,-41.3280,22
2020/07/20 16:40:00,AQUA_M-T,Brasil,RIO DE JANEIRO,RIO DE JANEIRO,Mata Atlantica,8,0,-999,-22.9840,-43.6390,15.6
2020/07/20 16:40:00,AQUA_M-T,Brasil,RIO DE JANEIRO,ITAGUAI,Mata Atlantica,18,0,1,-22.7150,-43.7520,5.1
2020/07/20 16:40:00,AQUA_M-T,Brasil,RIO DE JANEIRO,ITABORAI,Mata Atlantica,19,0,1,-22.8650,-42.8720,12.5
2020/07/20 16:40:00,AQUA_M-T,Brasil,RIO DE JANEIRO,SEROPEDICA,Mata Atlantica,19,0,1,-22.8090,-43.7010,7
2020/07/20 16:40:00,AQUA_M-T,Brasil,RIO DE JANEIRO,SEROPEDICA,Mata Atlantica,19,0,1,-22.7140,-43.7420,12.8
2020/07/20 16:40:00,AQUA_M-T,Brasil,RIO DE JANEIRO,PIRAI,Mata Atlantica,8,0,1,-22.6390,-44.0570,5
2020/07/20 16:40:00,AQUA_M-T,Brasil,RIO DE JANEIRO,PIRAI,Mata Atlantica,13,0,1,-22.6010,-43.8530,10.4
2020/07/20 16:40:00,AQUA_M-T,Brasil,RIO DE JANEIRO,PIRAI,Mata Atlantica,13,0,1,-22.6000,-43.8430,10.2
2020/07/20 16:40:00,AQUA_M-T,Brasil,RIO DE JANEIRO,SILVA JARDIM,Mata Atlantica,19,0,1,-22.5660,-42.2150,5.4
2020/07/20 16:40:00,AQUA_M-T,Brasil,RIO DE JANEIRO,SILVA JARDIM,Mata Atlantica,19,0,1,-22.5650,-42.2060,7.6
2020/07/20 16:40:00,AQUA_M-T,Brasil,RIO DE JANEIRO,BARRA DO PIRAI,Mata Atlantica,15,0,1,-22.3910,-43.8600,5
2020/07/20 16:40:00,AQUA_M-T,Brasil,RIO DE JANEIRO,BARRA DO PIRAI,Mata Atlantica,15,0,1,-22.3920,-43.8690,5.8
2020/07/22 16:30:00,AQUA_M-T,Brasil,RIO DE JANEIRO,ITABORAI,Mata Atlantica,21,0,1,-22.8260,-42.7640,18.7
2020/07/22 16:30:00,AQUA_M-T,Brasil,RIO DE JANEIRO,TANGUA,Mata Atlantica,21,0,0.9,-22.8000,-42.6590,7.2
2020/07/22 16:30:00,AQUA_M-T,Brasil,RIO DE JANEIRO,SAQUAREMA,Mata Atlantica,19,0,1,-22.8850,-42.4220,6.1
2020/07/22 16:30:00,AQUA_M-T,Brasil,RIO DE JANEIRO,RESENDE,Mata Atlantica,24,0,1,-22.4400,-44.4050,11.8
2020/07/22 16:30:00,AQUA_M-T,Brasil,RIO DE JANEIRO,RESENDE,Mata Atlantica,24,0,1,-22.4380,-44.3920,10.6
2020/07/22 16:30:00,AQUA_M-T,Brasil,RIO DE JANEIRO,RESENDE,Mata Atlantica,24,0,1,-22.4290,-44.4070,17.1
2020/07/22 16:30:00,AQUA_M-T,Brasil,RIO DE JANEIRO,QUISSAMA,Mata Atlantica,51,0,1,-22.0590,-41.5790,6.8
2020/07/22 16:30:00,AQUA_M-T,Brasil,RIO DE JANEIRO,QUISSAMA,Mata Atlantica,53,0,1,-22.0580,-41.5690,7.5
2020/07/22 16:30:00,AQUA_M-T,Brasil,RIO DE JANEIRO,BOM JESUS DO ITABAPOANA,Mata Atlantica,19,0,1,-21.2400,-41.5020,6.5
2020/07/23 17:10:00,AQUA_M-T,Brasil,RIO DE JANEIRO,RESENDE,Mata Atlantica,25,0,1,-22.4340,-44.4290,15.7
2020/07/23 17:10:00,AQUA_M-T,Brasil,RIO DE JANEIRO,BARRA DO PIRAI,Mata Atlantica,20,0,1,-22.4540,-43.7720,15.6
2020/07/23 17:10:00,AQUA_M-T,Brasil,RIO DE JANEIRO,SEROPEDICA,Mata Atlantica,22,0,1,-22.7360,-43.7320,41.1
2020/07/23 17:10:00,AQUA_M-T,Brasil,RIO DE JANEIRO,PARACAMBI,Mata Atlantica,20,0,-999,-22.6800,-43.7730,15.8
2020/07/23 17:10:00,AQUA_M-T,Brasil,RIO DE JANEIRO,CACHOEIRAS DE MACACU,Mata Atlantica,22,0,0.9,-22.6330,-42.6580,29.6
2020/07/23 17:10:00,AQUA_M-T,Brasil,RIO DE JANEIRO,RESENDE,Mata Atlantica,16,0,1,-22.5680,-44.3750,21.1
2020/07/23 17:10:00,AQUA_M-T,Brasil,RIO DE JANEIRO,RESENDE,Mata Atlantica,15,0,1,-22.5680,-44.3670,34.3
2020/07/23 17:10:00,AQUA_M-T,Brasil,RIO DE JANEIRO,VALENCA,Mata Atlantica,21,0,1,-22.2480,-43.7210,35.4
2020/07/23 17:10:00,AQUA_M-T,Brasil,RIO DE JANEIRO,VALENCA,Mata Atlantica,21,0,1,-22.2440,-43.7150,30.9
2020/07/23 17:10:00,AQUA_M-T,Brasil,RIO DE JANEIRO,SAO JOSE DO VALE DO RIO PRETO,Mata Atlantica,22,0,0.8,-22.2030,-42.9920,19.3
2020/07/23 17:10:00,AQUA_M-T,Brasil,RIO DE JANEIRO,SAO JOSE DO VALE DO RIO PRETO,Mata Atlantica,22,0,1,-22.1970,-43.0140,16.6
2020/07/24 16:15:00,AQUA_M-T,Brasil,RIO DE JANEIRO,PETROPOLIS,Mata Atlantica,23,0,0.8,-22.4250,-43.1840,34.2
2020/07/24 16:15:00,AQUA_M-T,Brasil,RIO DE JANEIRO,PETROPOLIS,Mata Atlantica,23,0,0.8,-22.4230,-43.1660,10
2020/07/24 16:15:00,AQUA_M-T,Brasil,RIO DE JANEIRO,SEROPEDICA,Mata Atlantica,23,0,1,-22.7850,-43.7800,126.7
2020/07/24 16:15:00,AQUA_M-T,Brasil,RIO DE JANEIRO,SAQUAREMA,Mata Atlantica,19,0,1,-22.8070,-42.5820,8.7
2020/07/24 16:15:00,AQUA_M-T,Brasil,RIO DE JANEIRO,SEROPEDICA,Mata Atlantica,23,0,1,-22.7830,-43.7590,65.4
2020/07/24 16:15:00,AQUA_M-T,Brasil,RIO DE JANEIRO,SEROPEDICA,Mata Atlantica,23,0,1,-22.7020,-43.7340,25.6
2020/07/24 16:15:00,AQUA_M-T,Brasil,RIO DE JANEIRO,SILVA JARDIM,Mata Atlantica,26,0,0.8,-22.4070,-42.2800,24.7
2020/07/24 16:15:00,AQUA_M-T,Brasil,RIO DE JANEIRO,CASIMIRO DE ABREU,Mata Atlantica,27,0,0.8,-22.4060,-42.2700,20.5
2020/07/24 16:15:00,AQUA_M-T,Brasil,RIO DE JANEIRO,PIRAI,Mata Atlantica,14,0,1,-22.5890,-44.0230,15.8
2020/07/24 16:15:00,AQUA_M-T,Brasil,RIO DE JANEIRO,PETROPOLIS,Mata Atlantica,23,0,0.8,-22.4190,-43.1710,12.1
2020/07/24 16:15:00,AQUA_M-T,Brasil,RIO DE JANEIRO,PETROPOLIS,Mata Atlantica,23,0,0.8,-22.4210,-43.1900,14.2
2020/07/25 17:00:00,AQUA_M-T,Brasil,RIO DE JANEIRO,MAGE,Mata Atlantica,-999,0,1,-22.6560,-43.2040,8.5
2020/07/25 17:00:00,AQUA_M-T,Brasil,RIO DE JANEIRO,PINHEIRAL,Mata Atlantica,20,0,1,-22.5070,-44.0120,16.4
2020/07/25 17:00:00,AQUA_M-T,Brasil,RIO DE JANEIRO,CASIMIRO DE ABREU,Mata Atlantica,-999,0,1,-22.5020,-41.9990,16.8
2020/07/25 17:00:00,AQUA_M-T,Brasil,RIO DE JANEIRO,VASSOURAS,Mata Atlantica,23,0,1,-22.4520,-43.7570,72.5
2020/07/26 16:05:00,AQUA_M-T,Brasil,RIO DE JANEIRO,PIRAI,Mata Atlantica,21,0,1,-22.7120,-43.8400,33
2020/07/26 16:05:00,AQUA_M-T,Brasil,RIO DE JANEIRO,ITATIAIA,Mata Atlantica,28,0,1,-22.4750,-44.5390,46.3
2020/07/26 16:05:00,AQUA_M-T,Brasil,RIO DE JANEIRO,SAO JOSE DE UBA,Mata Atlantica,26,0,1,-21.3230,-41.9350,19.1
2020/07/27 16:45:00,AQUA_M-T,Brasil,RIO DE JANEIRO,RIO DE JANEIRO,Mata Atlantica,21,0,-999,-22.9010,-43.6690,5.5
2020/07/27 16:45:00,AQUA_M-T,Brasil,RIO DE JANEIRO,SAO PEDRO DA ALDEIA,Mata Atlantica,26,0,1,-22.8360,-42.1820,13.8
2020/07/27 16:45:00,AQUA_M-T,Brasil,RIO DE JANEIRO,SAO PEDRO DA ALDEIA,Mata Atlantica,26,0,1,-22.8340,-42.1710,15.7
2020/07/27 16:45:00,AQUA_M-T,Brasil,RIO DE JANEIRO,ITABORAI,Mata Atlantica,26,0,1,-22.8230,-42.7990,18.7
2020/07/27 16:45:00,AQUA_M-T,Brasil,RIO DE JANEIRO,RIO BONITO,Mata Atlantica,26,0,1,-22.7170,-42.6600,16.6
2020/07/27 16:45:00,AQUA_M-T,Brasil,RIO DE JANEIRO,RIO BONITO,Mata Atlantica,25,0,-999,-22.7160,-42.6490,10.1
2020/07/27 16:45:00,AQUA_M-T,Brasil,RIO DE JANEIRO,SEROPEDICA,Mata Atlantica,26,0,1,-22.6700,-43.7330,12.8
2020/07/27 16:45:00,AQUA_M-T,Brasil,RIO DE JANEIRO,SEROPEDICA,Mata Atlantica,26,0,1,-22.6690,-43.7230,30.4
2020/07/27 16:45:00,AQUA_M-T,Brasil,RIO DE JANEIRO,RESENDE,Mata Atlantica,24,0,1,-22.6000,-44.5640,4.9
2020/07/27 16:45:00,AQUA_M-T,Brasil,RIO DE JANEIRO,RESENDE,Mata Atlantica,24,0,1,-22.5920,-44.5610,4.9
2020/07/27 16:45:00,AQUA_M-T,Brasil,RIO DE JANEIRO,MIGUEL PEREIRA,Mata Atlantica,26,0,0.9,-22.5780,-43.6000,17.5
2020/07/27 16:45:00,AQUA_M-T,Brasil,RIO DE JANEIRO,MIGUEL PEREIRA,Mata Atlantica,26,0,0.8,-22.5760,-43.5910,59.3
2020/07/27 16:45:00,AQUA_M-T,Brasil,RIO DE JANEIRO,ENGENHEIRO PAULO DE FRONTIN,Mata Atlantica,26,0,0.9,-22.5490,-43.5950,17.9
2020/07/27 16:45:00,AQUA_M-T,Brasil,RIO DE JANEIRO,VOLTA REDONDA,Mata Atlantica,22,0,1,-22.4720,-44.0610,7.4
2020/07/27 16:45:00,AQUA_M-T,Brasil,RIO DE JANEIRO,RIO DAS FLORES,Mata Atlantica,26,0,1,-22.2790,-43.5800,102.3
2020/07/27 16:45:00,AQUA_M-T,Brasil,RIO DE JANEIRO,VASSOURAS,Mata Atlantica,26,0,1,-22.2770,-43.5700,14.1
2020/07/27 16:45:00,AQUA_M-T,Brasil,RIO DE JANEIRO,CAMPOS DOS GOYTACAZES,Mata Atlantica,53,0,1,-21.9080,-41.2170,9.5
2020/07/29 16:35:00,AQUA_M-T,Brasil,RIO DE JANEIRO,PINHEIRAL,Mata Atlantica,22,0,0.9,-22.5230,-44.0160,20.9
2020/07/29 16:35:00,AQUA_M-T,Brasil,RIO DE JANEIRO,PINHEIRAL,Mata Atlantica,21,0,0.9,-22.5250,-44.0270,29.5
2020/07/29 16:35:00,AQUA_M-T,Brasil,RIO DE JANEIRO,MACAE,Mata Atlantica,37,0,1,-22.3750,-41.9730,5.5
2020/07/29 16:35:00,AQUA_M-T,Brasil,RIO DE JANEIRO,CAMPOS DOS GOYTACAZES,Mata Atlantica,62,0,1,-21.8660,-41.2590,10.1
2020/07/29 16:35:00,AQUA_M-T,Brasil,RIO DE JANEIRO,BOM JESUS DO ITABAPOANA,Mata Atlantica,26,0,1,-21.2480,-41.4980,6.6
2020/08/05 16:40:00,AQUA_M-T,Brasil,RIO DE JANEIRO,PIRAI,Mata Atlantica,18,0,1,-22.5900,-44.0190,11.9
2020/08/05 16:40:00,AQUA_M-T,Brasil,RIO DE JANEIRO,SAQUAREMA,Mata Atlantica,32,0,1,-22.8160,-42.5820,13.4
2020/08/05 16:40:00,AQUA_M-T,Brasil,RIO DE JANEIRO,RIO BONITO,Mata Atlantica,29,0,1,-22.7950,-42.5660,5
2020/08/05 16:40:00,AQUA_M-T,Brasil,RIO DE JANEIRO,TANGUA,Mata Atlantica,35,0,1,-22.7560,-42.7400,4.8
2020/08/05 16:40:00,AQUA_M-T,Brasil,RIO DE JANEIRO,SILVA JARDIM,Mata Atlantica,31,0,1,-22.6990,-42.4170,5.4
2020/08/05 16:40:00,AQUA_M-T,Brasil,RIO DE JANEIRO,SILVA JARDIM,Mata Atlantica,31,0,1,-22.6900,-42.4190,4.9
2020/08/05 16:40:00,AQUA_M-T,Brasil,RIO DE JANEIRO,TANGUA,Mata Atlantica,35,0,1,-22.7470,-42.7420,5
2020/08/05 16:40:00,AQUA_M-T,Brasil,RIO DE JANEIRO,PIRAI,Mata Atlantica,19,0,1,-22.5590,-43.8040,6.4
2020/08/05 16:40:00,AQUA_M-T,Brasil,RIO DE JANEIRO,PETROPOLIS,Mata Atlantica,35,0,0.8,-22.4940,-43.0840,7.3
2020/08/05 16:40:00,AQUA_M-T,Brasil,RIO DE JANEIRO,BOM JARDIM,Mata Atlantica,8,0,0.9,-22.2210,-42.4210,8.2
2020/08/05 16:40:00,AQUA_M-T,Brasil,RIO DE JANEIRO,BOM JESUS DO ITABAPOANA,Mata Atlantica,33,0,1,-21.2610,-41.5030,22.8
2020/08/06 17:25:00,AQUA_M-T,Brasil,RIO DE JANEIRO,MIGUEL PEREIRA,Mata Atlantica,36,0,1,-22.5080,-43.5350,52.4
2020/08/06 17:25:00,AQUA_M-T,Brasil,RIO DE JANEIRO,MIGUEL PEREIRA,Mata Atlantica,36,0,1,-22.5050,-43.5410,44.9
2020/08/06 17:25:00,AQUA_M-T,Brasil,RIO DE JANEIRO,PARAIBA DO SUL,Mata Atlantica,30,0,1,-22.1470,-43.2300,28.4
2020/08/07 16:30:00,AQUA_M-T,Brasil,RIO DE JANEIRO,RIO DE JANEIRO,Mata Atlantica,34,0,1,-22.8840,-43.6950,22.4
2020/08/07 16:30:00,AQUA_M-T,Brasil,RIO DE JANEIRO,SAO GONCALO,Mata Atlantica,37,0,1,-22.8700,-42.9200,13.5
2020/08/07 16:30:00,AQUA_M-T,Brasil,RIO DE JANEIRO,SAO GONCALO,Mata Atlantica,37,0,1,-22.8690,-42.9260,8.6
2020/08/07 16:30:00,AQUA_M-T,Brasil,RIO DE JANEIRO,SAO GONCALO,Mata Atlantica,37,0,1,-22.8680,-42.9140,13.3
2020/08/07 16:30:00,AQUA_M-T,Brasil,RIO DE JANEIRO,ITABORAI,Mata Atlantica,37,0,1,-22.7780,-42.9160,10.9
2020/08/07 16:30:00,AQUA_M-T,Brasil,RIO DE JANEIRO,CABO FRIO,Mata Atlantica,37,0,1,-22.5720,-42.1330,5.5
2020/08/07 16:30:00,AQUA_M-T,Brasil,RIO DE JANEIRO,BARRA MANSA,Mata Atlantica,26,0,-999,-22.5450,-44.1540,10
2020/08/07 16:30:00,AQUA_M-T,Brasil,RIO DE JANEIRO,ITATIAIA,Mata Atlantica,8,0,0.9,-22.5290,-44.5920,15.2
2020/08/07 16:30:00,AQUA_M-T,Brasil,RIO DE JANEIRO,ITATIAIA,Mata Atlantica,8,0,1,-22.5220,-44.6010,14.8
2020/08/07 16:30:00,AQUA_M-T,Brasil,RIO DE JANEIRO,ITATIAIA,Mata Atlantica,8,0,0.9,-22.5210,-44.5880,31.2
2020/08/07 16:30:00,AQUA_M-T,Brasil,RIO DE JANEIRO,ITATIAIA,Mata Atlantica,8,0,1,-22.5180,-44.5930,18.5
2020/08/07 16:30:00,AQUA_M-T,Brasil,RIO DE JANEIRO,MENDES,Mata Atlantica,35,0,1,-22.4850,-43.7550,12
2020/08/07 16:30:00,AQUA_M-T,Brasil,RIO DE JANEIRO,PETROPOLIS,Mata Atlantica,37,0,1,-22.3060,-43.2080,15.3
2020/08/07 16:30:00,AQUA_M-T,Brasil,RIO DE JANEIRO,PARAIBA DO SUL,Mata Atlantica,37,0,1,-22.2160,-43.3850,152.2
2020/08/07 16:30:00,AQUA_M-T,Brasil,RIO DE JANEIRO,PARAIBA DO SUL,Mata Atlantica,37,0,1,-22.2140,-43.3730,153
2020/08/07 16:30:00,AQUA_M-T,Brasil,RIO DE JANEIRO,PARAIBA DO SUL,Mata Atlantica,37,0,1,-22.2130,-43.3610,51.4
2020/08/07 16:30:00,AQUA_M-T,Brasil,RIO DE JANEIRO,PARAIBA DO SUL,Mata Atlantica,37,0,1,-22.2120,-43.3490,30.6
2020/08/07 16:30:00,AQUA_M-T,Brasil,RIO DE JANEIRO,RIO DAS FLORES,Mata Atlantica,37,0,1,-22.1990,-43.6490,16.2
2020/08/07 16:30:00,AQUA_M-T,Brasil,RIO DE JANEIRO,RIO DAS FLORES,Mata Atlantica,37,0,1,-22.1970,-43.6370,6.4
2020/08/08 17:10:00,AQUA_M-T,Brasil,RIO DE JANEIRO,PETROPOLIS,Mata Atlantica,38,0,0.8,-22.4670,-43.1230,19.5
2020/08/08 17:10:00,AQUA_M-T,Brasil,RIO DE JANEIRO,VALENCA,Mata Atlantica,31,0,1,-22.1010,-43.7490,18
2020/08/09 16:15:00,AQUA_M-T,Brasil,RIO DE JANEIRO,VALENCA,Mata Atlantica,35,0,1,-22.2120,-43.6650,35.7
2020/08/09 16:15:00,AQUA_M-T,Brasil,RIO DE JANEIRO,VALENCA,Mata Atlantica,39,0,1,-22.2100,-43.6450,23.1
2020/08/10 17:00:00,AQUA_M-T,Brasil,RIO DE JANEIRO,SAO PEDRO DA ALDEIA,Mata Atlantica,40,0,1,-22.7670,-42.1620,11.7
2020/08/10 17:00:00,AQUA_M-T,Brasil,RIO DE JANEIRO,CAMPOS DOS GOYTACAZES,Mata Atlantica,44,0,1,-21.6710,-41.2930,14.5
2020/08/10 17:00:00,AQUA_M-T,Brasil,RIO DE JANEIRO,ITATIAIA,Mata Atlantica,11,0,0.9,-22.5260,-44.5830,11
2020/08/12 16:45:00,AQUA_M-T,Brasil,RIO DE JANEIRO,VALENCA,Mata Atlantica,34,0,1,-22.3770,-43.8430,19.1
2020/08/12 16:45:00,AQUA_M-T,Brasil,RIO DE JANEIRO,VALENCA,Mata Atlantica,37,0,1,-22.3680,-43.8450,6.1
2020/08/12 16:45:00,AQUA_M-T,Brasil,RIO DE JANEIRO,SUMIDOURO,Mata Atlantica,42,0,1,-22.1950,-42.6540,6.1
2020/08/12 16:45:00,AQUA_M-T,Brasil,RIO DE JANEIRO,ITAGUAI,Mata Atlantica,42,0,1,-22.8440,-43.8310,6.8
2020/08/12 16:45:00,AQUA_M-T,Brasil,RIO DE JANEIRO,SEROPEDICA,Mata Atlantica,42,0,1,-22.7610,-43.6510,18.3
2020/08/12 16:45:00,AQUA_M-T,Brasil,RIO DE JANEIRO,SEROPEDICA,Mata Atlantica,41,0,1,-22.7600,-43.6410,9.3
2020/08/12 16:45:00,AQUA_M-T,Brasil,RIO DE JANEIRO,RIO CLARO,Mata Atlantica,26,0,1,-22.6600,-44.0190,25.3
2020/08/12 16:45:00,AQUA_M-T,Brasil,RIO DE JANEIRO,NOVA IGUACU,Mata Atlantica,42,0,1,-22.6140,-43.5860,8.3
2020/08/12 16:45:00,AQUA_M-T,Brasil,RIO DE JANEIRO,NOVA IGUACU,Mata Atlantica,42,0,1,-22.6130,-43.5760,16.2
2020/08/12 16:45:00,AQUA_M-T,Brasil,RIO DE JANEIRO,MIGUEL PEREIRA,Mata Atlantica,42,0,0.9,-22.6110,-43.6290,25.1
2020/08/12 16:45:00,AQUA_M-T,Brasil,RIO DE JANEIRO,MIGUEL PEREIRA,Mata Atlantica,42,0,0.9,-22.6020,-43.6300,12.3
2020/08/12 16:45:00,AQUA_M-T,Brasil,RIO DE JANEIRO,BARRA MANSA,Mata Atlantica,31,0,-999,-22.5570,-44.1230,5.6
2020/08/12 16:45:00,AQUA_M-T,Brasil,RIO DE JANEIRO,BARRA DO PIRAI,Mata Atlantica,19,0,1,-22.4940,-43.8260,17.3
2020/08/12 16:45:00,AQUA_M-T,Brasil,RIO DE JANEIRO,BARRA DO PIRAI,Mata Atlantica,22,0,1,-22.4930,-43.8160,14
2020/08/12 16:45:00,AQUA_M-T,Brasil,RIO DE JANEIRO,PETROPOLIS,Mata Atlantica,42,0,0.9,-22.4870,-43.1660,7
2020/08/12 16:45:00,AQUA_M-T,Brasil,RIO DE JANEIRO,PORTO REAL,Mata Atlantica,43,0,1,-22.4500,-44.3350,7.7
2020/08/12 16:45:00,AQUA_M-T,Brasil,RIO DE JANEIRO,VASSOURAS,Mata Atlantica,41,0,0.9,-22.4430,-43.7330,11.1
2020/08/12 16:45:00,AQUA_M-T,Brasil,RIO DE JANEIRO,VASSOURAS,Mata Atlantica,41,0,1,-22.4410,-43.7230,81.3
2020/08/12 16:45:00,AQUA_M-T,Brasil,RIO DE JANEIRO,VASSOURAS,Mata Atlantica,40,0,1,-22.4320,-43.7250,33.7
2020/08/12 16:45:00,AQUA_M-T,Brasil,RIO DE JANEIRO,VASSOURAS,Mata Atlantica,40,0,1,-22.4310,-43.7150,8.1
2020/08/14 16:35:00,AQUA_M-T,Brasil,RIO DE JANEIRO,PARACAMBI,Mata Atlantica,33,0,1,-22.6730,-43.7950,6.6
2020/08/14 16:35:00,AQUA_M-T,Brasil,RIO DE JANEIRO,SEROPEDICA,Mata Atlantica,44,0,1,-22.7110,-43.6740,7
2020/08/14 16:35:00,AQUA_M-T,Brasil,RIO DE JANEIRO,SAQUAREMA,Mata Atlantica,41,0,0.9,-22.8310,-42.4660,11
2020/08/14 16:35:00,AQUA_M-T,Brasil,RIO DE JANEIRO,SAQUAREMA,Mata Atlantica,41,0,0.9,-22.8320,-42.4750,10.4
2020/08/14 16:35:00,AQUA_M-T,Brasil,RIO DE JANEIRO,RIO DE JANEIRO,Mata Atlantica,-999,0,-999,-22.8460,-43.3850,6.2
2020/08/14 16:35:00,AQUA_M-T,Brasil,RIO DE JANEIRO,CAMPOS DOS GOYTACAZES,Mata Atlantica,42,0,1,-21.5270,-41.2550,6.9
2020/08/14 16:35:00,AQUA_M-T,Brasil,RIO DE JANEIRO,CAMPOS DOS GOYTACAZES,Mata Atlantica,42,0,1,-21.5280,-41.2650,23.8
2020/08/14 16:35:00,AQUA_M-T,Brasil,RIO DE JANEIRO,CAMPOS DOS GOYTACAZES,Mata Atlantica,43,0,1,-21.6480,-41.3880,15
2020/08/14 16:35:00,AQUA_M-T,Brasil,RIO DE JANEIRO,CAMPOS DOS GOYTACAZES,Mata Atlantica,43,0,1,-21.6490,-41.3970,13.7
2020/08/14 16:35:00,AQUA_M-T,Brasil,RIO DE JANEIRO,CAMPOS DOS GOYTACAZES,Mata Atlantica,42,0,1,-21.5190,-41.2660,13.3
2020/08/14 16:35:00,AQUA_M-T,Brasil,RIO DE JANEIRO,CAMPOS DOS GOYTACAZES,Mata Atlantica,42,0,1,-21.5180,-41.2570,6.9
2020/08/14 16:35:00,AQUA_M-T,Brasil,RIO DE JANEIRO,PINHEIRAL,Mata Atlantica,15,0,1,-22.5440,-43.9500,21.1
2020/08/14 16:35:00,AQUA_M-T,Brasil,RIO DE JANEIRO,PINHEIRAL,Mata Atlantica,15,0,1,-22.5430,-43.9390,102.7
2020/08/14 16:35:00,AQUA_M-T,Brasil,RIO DE JANEIRO,ITATIAIA,Mata Atlantica,8,0,1,-22.5260,-44.6050,8.9
2020/08/14 16:35:00,AQUA_M-T,Brasil,RIO DE JANEIRO,CACHOEIRAS DE MACACU,Mata Atlantica,44,0,0.9,-22.4950,-42.6250,6.3
2020/08/14 16:35:00,AQUA_M-T,Brasil,RIO DE JANEIRO,BARRA DO PIRAI,Mata Atlantica,26,0,1,-22.4920,-43.8120,20.5
2020/08/14 16:35:00,AQUA_M-T,Brasil,RIO DE JANEIRO,BARRA DO PIRAI,Mata Atlantica,29,0,1,-22.4900,-43.8010,15.3
2020/08/14 16:35:00,AQUA_M-T,Brasil,RIO DE JANEIRO,RESENDE,Mata Atlantica,37,0,1,-22.4400,-44.4850,33.4
2020/08/14 16:35:00,AQUA_M-T,Brasil,RIO DE JANEIRO,RESENDE,Mata Atlantica,40,0,1,-22.4380,-44.4730,7.8
2020/08/14 16:35:00,AQUA_M-T,Brasil,RIO DE JANEIRO,RESENDE,Mata Atlantica,37,0,0.9,-22.4300,-44.4860,22.3
2020/08/14 16:35:00,AQUA_M-T,Brasil,RIO DE JANEIRO,BOM JARDIM,Mata Atlantica,15,0.2,0.9,-22.1590,-42.4470,8
2020/08/14 16:35:00,AQUA_M-T,Brasil,RIO DE JANEIRO,BOM JARDIM,Mata Atlantica,18,0.2,0.9,-22.1570,-42.4380,47.7
2020/08/14 16:35:00,AQUA_M-T,Brasil,RIO DE JANEIRO,BOM JARDIM,Mata Atlantica,20,0.2,0.8,-22.1560,-42.4280,5.2
2020/08/14 16:35:00,AQUA_M-T,Brasil,RIO DE JANEIRO,BOM JARDIM,Mata Atlantica,19,0.2,0.8,-22.1480,-42.4390,6.3
2020/08/16 16:22:33,AQUA_M-T,Brasil,RIO DE JANEIRO,CAMPOS DOS GOYTACAZES,Mata Atlantica,43,1.6,0.9,-21.3820,-41.3980,
2020/08/15 17:15:00,AQUA_M-T,Brasil,RIO DE JANEIRO,RESENDE,Mata Atlantica,47,0.7,1,-22.4550,-44.4270,23.5
2020/08/15 17:15:00,AQUA_M-T,Brasil,RIO DE JANEIRO,ITATIAIA,Mata Atlantica,11,0.2,1,-22.5180,-44.6010,44.7
2020/08/15 17:15:00,AQUA_M-T,Brasil,RIO DE JANEIRO,QUATIS,Mata Atlantica,32,0,1,-22.3600,-44.1790,31.9
2020/08/15 17:15:00,AQUA_M-T,Brasil,RIO DE JANEIRO,QUATIS,Mata Atlantica,32,0,1,-22.3610,-44.1740,26.4
2020/08/15 17:15:00,AQUA_M-T,Brasil,RIO DE JANEIRO,PINHEIRAL,Mata Atlantica,15,0,1,-22.5300,-43.9460,38.5
2020/08/15 17:15:00,AQUA_M-T,Brasil,RIO DE JANEIRO,MARICA,Mata Atlantica,45,0,1,-22.8440,-42.7690,46.1
2020/08/15 17:15:00,AQUA_M-T,Brasil,RIO DE JANEIRO,ITABORAI,Mata Atlantica,45,0,1,-22.8650,-42.8690,29
2020/08/17 17:01:39,AQUA_M-T,Brasil,RIO DE JANEIRO,NOVA FRIBURGO,Mata Atlantica,27,5.2,0.3,-22.2260,-42.5130,
2020/08/18 16:07:37,AQUA_M-T,Brasil,RIO DE JANEIRO,SEROPEDICA,Mata Atlantica,1,0.4,0.6,-22.7460,-43.7540,28.8
2020/08/19 16:49:56,AQUA_M-T,Brasil,RIO DE JANEIRO,DUAS BARRAS,Mata Atlantica,1,0.3,0.8,-22.0880,-42.5070,13.2
2020/08/19 16:49:56,AQUA_M-T,Brasil,RIO DE JANEIRO,VALENCA,Mata Atlantica,0,0,1,-22.2360,-43.7240,32.7
2020/08/19 16:49:56,AQUA_M-T,Brasil,RIO DE JANEIRO,SAO FRANCISCO DE ITABAPOANA,Mata Atlantica,3,0,1,-21.2620,-41.2580,54.3
2020/08/19 16:49:56,AQUA_M-T,Brasil,RIO DE JANEIRO,ITAPERUNA,Mata Atlantica,43,0,1,-21.2410,-41.8610,12.7
2020/08/19 16:49:56,AQUA_M-T,Brasil,RIO DE JANEIRO,RIO BONITO,Mata Atlantica,2,0,1,-22.7330,-42.6970,10
2020/08/19 16:49:56,AQUA_M-T,Brasil,RIO DE JANEIRO,DUQUE DE CAXIAS,Mata Atlantica,-999,0,1,-22.6890,-43.2350,18.1
2020/08/19 16:49:56,AQUA_M-T,Brasil,RIO DE JANEIRO,SEROPEDICA,Mata Atlantica,2,0.1,1,-22.6940,-43.7100,12.3
2020/08/19 16:49:56,AQUA_M-T,Brasil,RIO DE JANEIRO,PARACAMBI,Mata Atlantica,2,0,0.4,-22.5950,-43.7240,8
2020/08/19 16:49:56,AQUA_M-T,Brasil,RIO DE JANEIRO,PATY DO ALFERES,Mata Atlantica,0,0,1,-22.4230,-43.4250,13.6
2020/08/19 16:49:56,AQUA_M-T,Brasil,RIO DE JANEIRO,TERESOPOLIS,Mata Atlantica,1,0,0.6,-22.2730,-42.8880,62.6
2020/08/19 16:49:56,AQUA_M-T,Brasil,RIO DE JANEIRO,TERESOPOLIS,Mata Atlantica,0,0,0.8,-22.2750,-42.9010,60.7
2020/08/19 16:49:56,AQUA_M-T,Brasil,RIO DE JANEIRO,PATY DO ALFERES,Mata Atlantica,1,0,1,-22.3300,-43.4250,7.9
2020/08/24 17:07:38,AQUA_M-T,Brasil,RIO DE JANEIRO,CAMPOS DOS GOYTACAZES,Mata Atlantica,2,0,1,-21.5180,-41.3210,39.8
2020/08/24 17:07:38,AQUA_M-T,Brasil,RIO DE JANEIRO,CAMPOS DOS GOYTACAZES,Mata Atlantica,2,0,1,-21.5260,-41.3550,38.5
2020/08/24 17:07:38,AQUA_M-T,Brasil,RIO DE JANEIRO,CAMPOS DOS GOYTACAZES,Mata Atlantica,2,0,1,-21.5130,-41.3270,40.6
2020/08/24 17:07:38,AQUA_M-T,Brasil,RIO DE JANEIRO,CAMPOS DOS GOYTACAZES,Mata Atlantica,2,0,1,-21.5200,-41.3610,22.6
2020/08/25 16:18:40,AQUA_M-T,Brasil,RIO DE JANEIRO,CAMPOS DOS GOYTACAZES,Mata Atlantica,3,0,1,-21.7410,-41.3680,7.7
2020/08/25 16:18:40,AQUA_M-T,Brasil,RIO DE JANEIRO,CAMPOS DOS GOYTACAZES,Mata Atlantica,3,0,1,-21.6330,-41.4020,6.3
2020/08/25 16:18:40,AQUA_M-T,Brasil,RIO DE JANEIRO,ITAPERUNA,Mata Atlantica,3,0,1,-21.2170,-41.8390,25.2
2020/08/25 16:18:40,AQUA_M-T,Brasil,RIO DE JANEIRO,ITAPERUNA,Mata Atlantica,2,0,1,-21.2140,-41.8450,13.5
2020/08/26 16:56:04,AQUA_M-T,Brasil,RIO DE JANEIRO,RIO CLARO,Mata Atlantica,,,,-22.6680,-44.0380,10.3
2020/08/26 16:56:04,AQUA_M-T,Brasil,RIO DE JANEIRO,VASSOURAS,Mata Atlantica,,,,-22.2490,-43.4880,16.3
2020/08/26 16:56:04,AQUA_M-T,Brasil,RIO DE JANEIRO,RIO CLARO,Mata Atlantica,,,,-22.6600,-44.0530,18.6
2020/08/26 16:56:04,AQUA_M-T,Brasil,RIO DE JANEIRO,TRES RIOS,Mata Atlantica,,,,-22.1710,-43.1030,15.6
2020/08/27 16:01:41,AQUA_M-T,Brasil,RIO DE JANEIRO,BARRA DO PIRAI,Mata Atlantica,5,0,0.7,-22.4850,-43.7860,46.2
2020/08/27 16:01:41,AQUA_M-T,Brasil,RIO DE JANEIRO,BARRA DO PIRAI,Mata Atlantica,5,0,1,-22.4880,-43.8230,65.1
2020/08/27 16:01:41,AQUA_M-T,Brasil,RIO DE JANEIRO,BARRA DO PIRAI,Mata Atlantica,5,0,0.8,-22.4780,-43.7790,33
2020/08/27 16:01:41,AQUA_M-T,Brasil,RIO DE JANEIRO,BARRA DO PIRAI,Mata Atlantica,5,0,1,-22.4810,-43.8170,107.1
2020/08/28 16:45:45,AQUA_M-T,Brasil,RIO DE JANEIRO,SEROPEDICA,Mata Atlantica,6,0,0.9,-22.7410,-43.7630,6.6
2020/08/28 16:45:45,AQUA_M-T,Brasil,RIO DE JANEIRO,PIRAI,Mata Atlantica,6,0,0.8,-22.7470,-43.8640,10.6
2020/08/28 16:45:45,AQUA_M-T,Brasil,RIO DE JANEIRO,PIRAI,Mata Atlantica,6,0,1,-22.7360,-43.8560,7.3
2020/08/28 16:45:45,AQUA_M-T,Brasil,RIO DE JANEIRO,PIRAI,Mata Atlantica,6,0,0.9,-22.7370,-43.8660,76
2020/08/28 16:45:45,AQUA_M-T,Brasil,RIO DE JANEIRO,BARRA MANSA,Mata Atlantica,6,0,1,-22.5860,-44.1480,10
2020/08/28 16:45:45,AQUA_M-T,Brasil,RIO DE JANEIRO,BARRA MANSA,Mata Atlantica,6,0,1,-22.5780,-44.1450,16.4
2020/08/28 16:45:45,AQUA_M-T,Brasil,RIO DE JANEIRO,COMENDADOR LEVY GASPARIAN,Mata Atlantica,6,0,1,-22.0540,-43.2300,13
2020/08/29 17:26:29,AQUA_M-T,Brasil,RIO DE JANEIRO,BARRA MANSA,Mata Atlantica,7,0,1,-22.5570,-44.1090,135.4
2020/08/29 17:26:29,AQUA_M-T,Brasil,RIO DE JANEIRO,VOLTA REDONDA,Mata Atlantica,7,0,1,-22.5500,-44.0680,91.6
2020/08/29 17:26:29,AQUA_M-T,Brasil,RIO DE JANEIRO,BARRA MANSA,Mata Atlantica,7,0,1,-22.5600,-44.1130,111.1
2020/08/30 16:31:40,AQUA_M-T,Brasil,RIO DE JANEIRO,VALENCA,Mata Atlantica,8,0,0.8,-22.2500,-43.7730,20.5
2020/08/30 16:31:40,AQUA_M-T,Brasil,RIO DE JANEIRO,RIO CLARO,Mata Atlantica,8,0,1,-22.7780,-44.1680,7.2
2020/08/30 16:31:40,AQUA_M-T,Brasil,RIO DE JANEIRO,ITAGUAI,Mata Atlantica,8,0,1,-22.7190,-43.7910,14.5
2020/08/30 16:31:40,AQUA_M-T,Brasil,RIO DE JANEIRO,RIO CLARO,Mata Atlantica,8,0,1,-22.7660,-44.1480,44.4
2020/08/30 16:31:40,AQUA_M-T,Brasil,RIO DE JANEIRO,RIO CLARO,Mata Atlantica,8,0,1,-22.7670,-44.1590,51.4
2020/08/30 16:31:40,AQUA_M-T,Brasil,RIO DE JANEIRO,PETROPOLIS,Mata Atlantica,8,0,0.8,-22.4880,-43.1500,16
2020/08/30 16:31:40,AQUA_M-T,Brasil,RIO DE JANEIRO,VOLTA REDONDA,Mata Atlantica,8,0,1,-22.5620,-44.0680,37.9
2020/08/30 16:31:40,AQUA_M-T,Brasil,RIO DE JANEIRO,VOLTA REDONDA,Mata Atlantica,8,0,1,-22.5640,-44.0780,20.2
2020/08/30 16:31:40,AQUA_M-T,Brasil,RIO DE JANEIRO,VOLTA REDONDA,Mata Atlantica,8,0,1,-22.5530,-44.0690,41
2020/08/30 16:31:40,AQUA_M-T,Brasil,RIO DE JANEIRO,VOLTA REDONDA,Mata Atlantica,8,0,0.9,-22.5540,-44.0800,58.2
2020/08/30 16:31:40,AQUA_M-T,Brasil,RIO DE JANEIRO,RESENDE,Mata Atlantica,8,0,0.9,-22.6070,-44.4920,5
2020/08/30 16:31:40,AQUA_M-T,Brasil,RIO DE JANEIRO,MENDES,Mata Atlantica,8,0,0.8,-22.4990,-43.7280,5.7
2020/08/30 16:31:40,AQUA_M-T,Brasil,RIO DE JANEIRO,VOLTA REDONDA,Mata Atlantica,8,0,0.9,-22.4630,-44.0770,22.7
2020/08/30 16:31:40,AQUA_M-T,Brasil,RIO DE JANEIRO,VASSOURAS,Mata Atlantica,8,0,1,-22.2900,-43.3910,26.1
2020/08/30 16:31:40,AQUA_M-T,Brasil,RIO DE JANEIRO,VASSOURAS,Mata Atlantica,8,0,1,-22.2920,-43.4020,27.5
2020/08/30 16:31:40,AQUA_M-T,Brasil,RIO DE JANEIRO,VASSOURAS,Mata Atlantica,8,0,1,-22.2810,-43.3930,16.6
2020/08/30 16:31:40,AQUA_M-T,Brasil,RIO DE JANEIRO,VASSOURAS,Mata Atlantica,8,0,1,-22.2830,-43.4030,20.3
2020/08/30 16:31:40,AQUA_M-T,Brasil,RIO DE JANEIRO,QUATIS,Mata Atlantica,8,0,0.9,-22.3600,-44.1710,6.7
2020/08/30 16:31:40,AQUA_M-T,Brasil,RIO DE JANEIRO,QUATIS,Mata Atlantica,8,0,1,-22.3500,-44.1730,65.2
2020/08/30 16:31:40,AQUA_M-T,Brasil,RIO DE JANEIRO,TRES RIOS,Mata Atlantica,8,0,1,-22.1640,-43.2000,14
2020/08/30 16:31:40,AQUA_M-T,Brasil,RIO DE JANEIRO,TRES RIOS,Mata Atlantica,8,0,1,-22.1660,-43.2100,39.4
2020/08/30 16:31:40,AQUA_M-T,Brasil,RIO DE JANEIRO,TRES RIOS,Mata Atlantica,8,0,1,-22.1550,-43.2010,51.2
2020/08/30 16:31:40,AQUA_M-T,Brasil,RIO DE JANEIRO,TRES RIOS,Mata Atlantica,8,0,1,-22.1560,-43.2110,108.4
2020/08/30 16:31:40,AQUA_M-T,Brasil,RIO DE JANEIRO,PARAIBA DO SUL,Mata Atlantica,8,0,1,-22.1530,-43.2530,11.9
2020/08/30 16:31:40,AQUA_M-T,Brasil,RIO DE JANEIRO,CAMPOS DOS GOYTACAZES,Mata Atlantica,4,0,1,-21.6240,-41.3330,22.1
2020/08/30 16:31:40,AQUA_M-T,Brasil,RIO DE JANEIRO,PARATY,Mata Atlantica,8,0,0.5,-23.2640,-44.7100,20.1
2020/08/30 16:31:40,AQUA_M-T,Brasil,RIO DE JANEIRO,SEROPEDICA,Mata Atlantica,8,0,0.8,-22.7450,-43.7650,10.6
2020/08/30 16:31:40,AQUA_M-T,Brasil,RIO DE JANEIRO,RIO CLARO,Mata Atlantica,8,0,0.5,-22.7750,-44.1460,41
2020/08/30 16:31:40,AQUA_M-T,Brasil,RIO DE JANEIRO,RIO CLARO,Mata Atlantica,8,0,1,-22.7770,-44.1570,67.6
2020/08/31 17:14:34,AQUA_M-T,Brasil,RIO DE JANEIRO,PARAIBA DO SUL,Mata Atlantica,9,0,1,-22.2400,-43.3260,29.6
2020/09/01 16:22:29,AQUA_M-T,Brasil,RIO DE JANEIRO,ITABORAI,Mata Atlantica,10,0,1,-22.8620,-42.8640,13.7
2020/09/04 16:55:00,AQUA_M-T,Brasil,RIO DE JANEIRO,DUAS BARRAS,Mata Atlantica,13,0,0.9,-22.0580,-42.4670,8.7
2020/09/03 16:10:00,AQUA_M-T,Brasil,RIO DE JANEIRO,CAMPOS DOS GOYTACAZES,Mata Atlantica,8,0,1,-21.6000,-41.2220,10.3
2020/09/04 16:55:00,AQUA_M-T,Brasil,RIO DE JANEIRO,PARAIBA DO SUL,Mata Atlantica,13,0,1,-22.2330,-43.3350,14.9
2020/09/04 16:55:00,AQUA_M-T,Brasil,RIO DE JANEIRO,CARDOSO MOREIRA,Mata Atlantica,11,0,1,-21.5260,-41.3890,12.5
2020/09/04 16:55:00,AQUA_M-T,Brasil,RIO DE JANEIRO,TERESOPOLIS,Mata Atlantica,13,0,0.8,-22.3910,-42.8700,15.1
2020/09/04 16:55:00,AQUA_M-T,Brasil,RIO DE JANEIRO,CACHOEIRAS DE MACACU,Mata Atlantica,12,0,1,-22.6380,-42.6270,19.7
2020/09/04 16:55:00,AQUA_M-T,Brasil,RIO DE JANEIRO,PIRAI,Mata Atlantica,13,0,1,-22.6340,-44.0370,9
2020/09/04 16:55:00,AQUA_M-T,Brasil,RIO DE JANEIRO,PIRAI,Mata Atlantica,13,0,1,-22.6310,-44.0440,11
2020/09/04 16:55:00,AQUA_M-T,Brasil,RIO DE JANEIRO,MENDES,Mata Atlantica,13,0.5,1,-22.5410,-43.7860,13.1
2020/09/04 16:55:00,AQUA_M-T,Brasil,RIO DE JANEIRO,VASSOURAS,Mata Atlantica,13,0,1,-22.4240,-43.7550,23.2
2020/09/04 16:55:00,AQUA_M-T,Brasil,RIO DE JANEIRO,PATY DO ALFERES,Mata Atlantica,13,0,1,-22.3870,-43.4050,16.2
2020/09/04 16:55:00,AQUA_M-T,Brasil,RIO DE JANEIRO,PATY DO ALFERES,Mata Atlantica,13,0,1,-22.3780,-43.4070,24.2
2020/09/04 16:55:00,AQUA_M-T,Brasil,RIO DE JANEIRO,RESENDE,Mata Atlantica,13,0,1,-22.5860,-44.4030,7.7
2020/09/04 16:55:00,AQUA_M-T,Brasil,RIO DE JANEIRO,RESENDE,Mata Atlantica,13,0,1,-22.5760,-44.4050,13.6
2020/09/04 16:55:00,AQUA_M-T,Brasil,RIO DE JANEIRO,ITATIAIA,Mata Atlantica,12,0,1,-22.4920,-44.6440,10.8
2020/09/04 16:55:00,AQUA_M-T,Brasil,RIO DE JANEIRO,CAMPOS DOS GOYTACAZES,Mata Atlantica,-999,0,1,-22.0700,-41.2160,17.6
2020/09/04 16:55:00,AQUA_M-T,Brasil,RIO DE JANEIRO,SANTO ANTONIO DE PADUA,Mata Atlantica,13,0,1,-21.5510,-42.2670,16.4
2020/09/04 16:55:00,AQUA_M-T,Brasil,RIO DE JANEIRO,CAMPOS DOS GOYTACAZES,Mata Atlantica,-999,0,1,-22.0740,-41.2210,13.1
2020/09/04 16:55:00,AQUA_M-T,Brasil,RIO DE JANEIRO,CARDOSO MOREIRA,Mata Atlantica,11,0,1,-21.5290,-41.4060,12.2
2020/09/05 15:55:00,AQUA_M-T,Brasil,RIO DE JANEIRO,PARAIBA DO SUL,Mata Atlantica,14,0,1,-22.2190,-43.2980,41.6
2020/09/05 15:55:00,AQUA_M-T,Brasil,RIO DE JANEIRO,CACHOEIRAS DE MACACU,Mata Atlantica,14,0,1,-22.6580,-42.7600,41.5
2020/09/05 15:55:00,AQUA_M-T,Brasil,RIO DE JANEIRO,CACHOEIRAS DE MACACU,Mata Atlantica,14,0,0.9,-22.6550,-42.7210,50.3
2020/09/05 15:55:00,AQUA_M-T,Brasil,RIO DE JANEIRO,CACHOEIRAS DE MACACU,Mata Atlantica,14,0,0.9,-22.6740,-42.7530,111.8
2020/09/05 15:55:00,AQUA_M-T,Brasil,RIO DE JANEIRO,CACHOEIRAS DE MACACU,Mata Atlantica,14,0,1,-22.6710,-42.7180,146.8
2020/09/05 15:55:00,AQUA_M-T,Brasil,RIO DE JANEIRO,CACHOEIRAS DE MACACU,Mata Atlantica,14,0,0.9,-22.6630,-42.7540,187.8
2020/09/05 15:55:00,AQUA_M-T,Brasil,RIO DE JANEIRO,CACHOEIRAS DE MACACU,Mata Atlantica,14,0,0.9,-22.6600,-42.7160,155
2020/09/05 15:55:00,AQUA_M-T,Brasil,RIO DE JANEIRO,PARAIBA DO SUL,Mata Atlantica,14,0,1,-22.2170,-43.3020,53
2020/09/05 15:55:00,AQUA_M-T,Brasil,RIO DE JANEIRO,SAO JOSE DO VALE DO RIO PRETO,Mata Atlantica,14,0,0.9,-22.2100,-43.0190,35
2020/09/05 15:55:00,AQUA_M-T,Brasil,RIO DE JANEIRO,SAO JOSE DO VALE DO RIO PRETO,Mata Atlantica,14,0,1,-22.1970,-43.0160,36.9
2020/09/06 16:40:00,AQUA_M-T,Brasil,RIO DE JANEIRO,PETROPOLIS,Mata Atlantica,15,0,1,-22.3100,-43.1840,21.7
2020/09/06 16:40:00,AQUA_M-T,Brasil,RIO DE JANEIRO,AREAL,Mata Atlantica,15,0,0.9,-22.3090,-43.1750,30.7
2020/09/06 16:40:00,AQUA_M-T,Brasil,RIO DE JANEIRO,VASSOURAS,Mata Atlantica,15,0,1,-22.3080,-43.5580,147.4
2020/09/06 16:40:00,AQUA_M-T,Brasil,RIO DE JANEIRO,VASSOURAS,Mata Atlantica,15,0,1,-22.3070,-43.5480,222
2020/09/06 16:40:00,AQUA_M-T,Brasil,RIO DE JANEIRO,VASSOURAS,Mata Atlantica,15,0,1,-22.2990,-43.5590,24
2020/09/06 16:40:00,AQUA_M-T,Brasil,RIO DE JANEIRO,VASSOURAS,Mata Atlantica,15,0,1,-22.2980,-43.5500,25.3
2020/09/06 16:40:00,AQUA_M-T,Brasil,RIO DE JANEIRO,VASSOURAS,Mata Atlantica,15,0,1,-22.2910,-43.5700,16
2020/09/06 16:40:00,AQUA_M-T,Brasil,RIO DE JANEIRO,RIO DAS FLORES,Mata Atlantica,15,0,1,-22.1840,-43.4560,11.6
2020/09/06 16:40:00,AQUA_M-T,Brasil,RIO DE JANEIRO,RIO DAS FLORES,Mata Atlantica,15,0,1,-22.1820,-43.4460,17.3
2020/09/06 16:40:00,AQUA_M-T,Brasil,RIO DE JANEIRO,RIO CLARO,Mata Atlantica,15,0,1,-22.6930,-44.0030,22.7
2020/09/06 16:40:00,AQUA_M-T,Brasil,RIO DE JANEIRO,PARACAMBI,Mata Atlantica,15,0,1,-22.6040,-43.6980,7.2
2020/09/06 16:40:00,AQUA_M-T,Brasil,RIO DE JANEIRO,PETROPOLIS,Mata Atlantica,14,1.1,0.8,-22.4980,-43.1500,36.8
2020/09/06 16:40:00,AQUA_M-T,Brasil,RIO DE JANEIRO,PARATY,Mata Atlantica,15,0,0.7,-23.0350,-44.7670,16.3
2020/09/06 16:40:00,AQUA_M-T,Brasil,RIO DE JANEIRO,RIO CLARO,Mata Atlantica,15,0,0.7,-22.7820,-44.2540,8.7
2020/09/06 16:40:00,AQUA_M-T,Brasil,RIO DE JANEIRO,BARRA MANSA,Mata Atlantica,15,0,0.9,-22.5610,-44.3230,8.4
2020/09/06 16:40:00,AQUA_M-T,Brasil,RIO DE JANEIRO,BARRA MANSA,Mata Atlantica,15,0,1,-22.5600,-44.3130,10.9
2020/09/07 17:25:00,AQUA_M-T,Brasil,RIO DE JANEIRO,VASSOURAS,Mata Atlantica,16,0,1,-22.2760,-43.5590,39.4
2020/09/07 17:25:00,AQUA_M-T,Brasil,RIO DE JANEIRO,VALENCA,Mata Atlantica,16,0,1,-22.2850,-43.5970,45.4
2020/09/07 17:25:00,AQUA_M-T,Brasil,RIO DE JANEIRO,VASSOURAS,Mata Atlantica,16,0,1,-22.2890,-43.5640,99.9
2020/09/07 17:25:00,AQUA_M-T,Brasil,RIO DE JANEIRO,VALENCA,Mata Atlantica,16,0,1,-22.2970,-43.6020,42.4
2020/09/08 16:30:00,AQUA_M-T,Brasil,RIO DE JANEIRO,RESENDE,Mata Atlantica,17,0,1,-22.5330,-44.4170,17.2
2020/09/08 16:30:00,AQUA_M-T,Brasil,RIO DE JANEIRO,BARRA DO PIRAI,Mata Atlantica,17,0,1,-22.4610,-43.9030,8.8
2020/09/08 16:30:00,AQUA_M-T,Brasil,RIO DE JANEIRO,ARARUAMA,Mata Atlantica,17,0,1,-22.7230,-42.3430,22.7
2020/09/08 16:30:00,AQUA_M-T,Brasil,RIO DE JANEIRO,MIGUEL PEREIRA,Mata Atlantica,17,0,1,-22.5160,-43.5220,13.7
2020/09/08 16:30:00,AQUA_M-T,Brasil,RIO DE JANEIRO,CAMPOS DOS GOYTACAZES,Mata Atlantica,13,0,1,-21.5690,-41.2710,47.9
2020/09/08 16:30:00,AQUA_M-T,Brasil,RIO DE JANEIRO,SANTO ANTONIO DE PADUA,Mata Atlantica,17,0,1,-21.4990,-42.2450,4.7
2020/09/08 16:30:00,AQUA_M-T,Brasil,RIO DE JANEIRO,CAMPOS DOS GOYTACAZES,Mata Atlantica,13,0,1,-21.9180,-41.3410,9.8
2020/09/08 16:30:00,AQUA_M-T,Brasil,RIO DE JANEIRO,CAMPOS DOS GOYTACAZES,Mata Atlantica,13,0,1,-21.5710,-41.2810,9.9
2020/09/08 16:30:00,AQUA_M-T,Brasil,RIO DE JANEIRO,CAMPOS DOS GOYTACAZES,Mata Atlantica,-999,0,1,-22.0710,-41.2390,4.8
2020/09/08 16:30:00,AQUA_M-T,Brasil,RIO DE JANEIRO,BARRA DO PIRAI,Mata Atlantica,17,0,1,-22.4590,-43.8010,8.1
2020/09/08 16:30:00,AQUA_M-T,Brasil,RIO DE JANEIRO,BARRA MANSA,Mata Atlantica,17,0,1,-22.5590,-44.1340,18.8
2020/09/08 16:30:00,AQUA_M-T,Brasil,RIO DE JANEIRO,ITAPERUNA,Mata Atlantica,17,0,1,-21.3910,-41.7700,13.3
2020/09/08 16:30:00,AQUA_M-T,Brasil,RIO DE JANEIRO,AREAL,Mata Atlantica,17,0,0.9,-22.3090,-43.1640,17
2020/09/08 16:30:00,AQUA_M-T,Brasil,RIO DE JANEIRO,PETROPOLIS,Mata Atlantica,17,0,0.9,-22.3180,-43.1630,82
2020/09/08 16:30:00,AQUA_M-T,Brasil,RIO DE JANEIRO,VASSOURAS,Mata Atlantica,17,0,1,-22.2770,-43.5620,26.3
2020/09/08 16:30:00,AQUA_M-T,Brasil,RIO DE JANEIRO,VASSOURAS,Mata Atlantica,17,0,1,-22.2760,-43.5500,16.1
2020/09/08 16:30:00,AQUA_M-T,Brasil,RIO DE JANEIRO,NOVA FRIBURGO,Mata Atlantica,17,0,0.8,-22.2620,-42.4740,7.6
2020/09/08 16:30:00,AQUA_M-T,Brasil,RIO DE JANEIRO,COMENDADOR LEVY GASPARIAN,Mata Atlantica,17,0,1,-22.0560,-43.1870,9
2020/09/08 16:30:00,AQUA_M-T,Brasil,RIO DE JANEIRO,PETROPOLIS,Mata Atlantica,17,0,0.9,-22.3980,-43.3120,9
2020/09/08 16:30:00,AQUA_M-T,Brasil,RIO DE JANEIRO,RESENDE,Mata Atlantica,17,0,0.8,-22.5350,-44.4310,73.5
2020/09/09 17:10:00,AQUA_M-T,Brasil,RIO DE JANEIRO,PETROPOLIS,Mata Atlantica,18,0,1,-22.3420,-43.1520,18.7
2020/09/09 17:10:00,AQUA_M-T,Brasil,RIO DE JANEIRO,ARARUAMA,Mata Atlantica,18,0,1,-22.8120,-42.2690,32.9
2020/09/09 17:10:00,AQUA_M-T,Brasil,RIO DE JANEIRO,ARARUAMA,Mata Atlantica,18,0,1,-22.8110,-42.2640,28
2020/09/09 17:10:00,AQUA_M-T,Brasil,RIO DE JANEIRO,AREAL,Mata Atlantica,18,0,0.9,-22.3090,-43.1660,16.2
2020/09/09 17:10:00,AQUA_M-T,Brasil,RIO DE JANEIRO,RIO DAS FLORES,Mata Atlantica,18,0,1,-22.1270,-43.5470,37.6
2020/09/09 17:10:00,AQUA_M-T,Brasil,RIO DE JANEIRO,RIO DAS FLORES,Mata Atlantica,18,0,1,-22.1220,-43.5530,34.7
2020/09/09 17:10:00,AQUA_M-T,Brasil,RIO DE JANEIRO,CAMBUCI,Mata Atlantica,18,0,1,-21.4110,-41.9040,29.8
2020/09/09 17:10:00,AQUA_M-T,Brasil,RIO DE JANEIRO,CAMBUCI,Mata Atlantica,18,0,1,-21.4040,-41.8710,36.6
2020/09/09 17:10:00,AQUA_M-T,Brasil,RIO DE JANEIRO,CAMBUCI,Mata Atlantica,18,0,1,-21.3950,-41.8770,44.3
2020/09/10 16:15:00,AQUA_M-T,Brasil,RIO DE JANEIRO,SAO JOSE DE UBA,Mata Atlantica,18,0.4,1,-21.3050,-41.8530,10.2
2020/09/10 16:15:00,AQUA_M-T,Brasil,RIO DE JANEIRO,SANTO ANTONIO DE PADUA,Mata Atlantica,19,0,1,-21.5600,-42.0820,9
2020/09/10 16:15:00,AQUA_M-T,Brasil,RIO DE JANEIRO,ARARUAMA,Mata Atlantica,19,0,1,-22.5620,-42.1840,11.2
2020/09/10 16:15:00,AQUA_M-T,Brasil,RIO DE JANEIRO,TRAJANO DE MORAES,Mata Atlantica,19,0,1,-22.1490,-42.2580,21.5
2020/09/10 16:15:00,AQUA_M-T,Brasil,RIO DE JANEIRO,PIRAI,Mata Atlantica,19,0,1,-22.5670,-43.8330,13.5
2020/09/10 16:15:00,AQUA_M-T,Brasil,RIO DE JANEIRO,PETROPOLIS,Mata Atlantica,19,0,1,-22.2260,-43.0580,15.5
2020/09/10 16:15:00,AQUA_M-T,Brasil,RIO DE JANEIRO,PETROPOLIS,Mata Atlantica,19,0,1,-22.2240,-43.0390,104.7
2020/09/10 16:15:00,AQUA_M-T,Brasil,RIO DE JANEIRO,AREAL,Mata Atlantica,19,0,0.9,-22.2090,-43.0650,24.6
2020/09/10 16:15:00,AQUA_M-T,Brasil,RIO DE JANEIRO,AREAL,Mata Atlantica,19,0,0.9,-22.2020,-43.0600,74.3
2020/09/10 16:15:00,AQUA_M-T,Brasil,RIO DE JANEIRO,SAO JOSE DO VALE DO RIO PRETO,Mata Atlantica,19,0,1,-22.2000,-43.0440,26.6
2020/09/10 16:15:00,AQUA_M-T,Brasil,RIO DE JANEIRO,AREAL,Mata Atlantica,19,0,1,-22.1970,-43.0660,23.1
2020/09/10 16:15:00,AQUA_M-T,Brasil,RIO DE JANEIRO,TRES RIOS,Mata Atlantica,19,0,0.9,-22.1950,-43.0490,38.9
2020/09/11 17:00:00,AQUA_M-T,Brasil,RIO DE JANEIRO,VOLTA REDONDA,Mata Atlantica,20,0,-999,-22.4990,-44.0620,12.1
2020/09/11 17:00:00,AQUA_M-T,Brasil,RIO DE JANEIRO,ITATIAIA,Mata Atlantica,20,0,0.8,-22.3510,-44.5770,15.9
2020/09/11 17:00:00,AQUA_M-T,Brasil,RIO DE JANEIRO,ITATIAIA,Mata Atlantica,20,0,0.8,-22.3490,-44.5650,21.6
2020/09/11 17:00:00,AQUA_M-T,Brasil,RIO DE JANEIRO,PETROPOLIS,Mata Atlantica,20,0,1,-22.2390,-43.0280,24.1
2020/09/11 17:00:00,AQUA_M-T,Brasil,RIO DE JANEIRO,VALENCA,Mata Atlantica,20,0,1,-22.2080,-43.6580,13
2020/09/11 17:00:00,AQUA_M-T,Brasil,RIO DE JANEIRO,VALENCA,Mata Atlantica,20,0,1,-22.2060,-43.6440,27.7
2020/09/11 17:00:00,AQUA_M-T,Brasil,RIO DE JANEIRO,PARAIBA DO SUL,Mata Atlantica,20,0,1,-22.1730,-43.3180,19.8
2020/09/11 17:00:00,AQUA_M-T,Brasil,RIO DE JANEIRO,PARAIBA DO SUL,Mata Atlantica,20,0,1,-22.1730,-43.3120,49.8
2020/09/11 17:00:00,AQUA_M-T,Brasil,RIO DE JANEIRO,PARAIBA DO SUL,Mata Atlantica,20,0,1,-22.1710,-43.3030,47.6
2020/09/11 17:00:00,AQUA_M-T,Brasil,RIO DE JANEIRO,PARAIBA DO SUL,Mata Atlantica,20,0,1,-22.1700,-43.2980,40.9
2020/09/12 16:05:00,AQUA_M-T,Brasil,RIO DE JANEIRO,PATY DO ALFERES,Mata Atlantica,21,0,1,-22.3680,-43.3600,39.2
2020/09/12 16:05:00,AQUA_M-T,Brasil,RIO DE JANEIRO,PATY DO ALFERES,Mata Atlantica,21,0,1,-22.3640,-43.3530,30.4
2020/09/12 16:05:00,AQUA_M-T,Brasil,RIO DE JANEIRO,PARAIBA DO SUL,Mata Atlantica,21,0,-999,-22.1640,-43.2970,29.3
2020/09/12 16:05:00,AQUA_M-T,Brasil,RIO DE JANEIRO,COMENDADOR LEVY GASPARIAN,Mata Atlantica,21,0,1,-22.0590,-43.3110,28
2020/09/12 16:05:00,AQUA_M-T,Brasil,RIO DE JANEIRO,COMENDADOR LEVY GASPARIAN,Mata Atlantica,21,0,1,-22.0470,-43.3160,43.1
2020/09/12 16:05:00,AQUA_M-T,Brasil,RIO DE JANEIRO,SAO SEBASTIAO DO ALTO,Mata Atlantica,21,0,1,-21.8380,-42.0830,37
2020/09/13 16:45:00,AQUA_M-T,Brasil,RIO DE JANEIRO,PIRAI,Mata Atlantica,22,0,1,-22.5980,-44.0280,18.4
2020/09/13 16:45:00,AQUA_M-T,Brasil,RIO DE JANEIRO,CACHOEIRAS DE MACACU,Mata Atlantica,21,0,1,-22.5920,-42.7230,11.5
2020/09/13 16:45:00,AQUA_M-T,Brasil,RIO DE JANEIRO,RIO BONITO,Mata Atlantica,22,0,1,-22.8220,-42.6180,6.9
2020/09/13 16:45:00,AQUA_M-T,Brasil,RIO DE JANEIRO,RIO BONITO,Mata Atlantica,22,0,1,-22.7160,-42.6830,9.2
2020/09/13 16:45:00,AQUA_M-T,Brasil,RIO DE JANEIRO,BELFORD ROXO,Mata Atlantica,-999,0,1,-22.6970,-43.3390,9.5
2020/09/13 16:45:00,AQUA_M-T,Brasil,RIO DE JANEIRO,PIRAI,Mata Atlantica,22,0,1,-22.6630,-43.9100,12.1
2020/09/13 16:45:00,AQUA_M-T,Brasil,RIO DE JANEIRO,CACHOEIRAS DE MACACU,Mata Atlantica,22,0,0.9,-22.6080,-42.6430,9.1
2020/09/13 16:45:00,AQUA_M-T,Brasil,RIO DE JANEIRO,CACHOEIRAS DE MACACU,Mata Atlantica,22,0,0.9,-22.6070,-42.6320,12.1
2020/09/13 16:45:00,AQUA_M-T,Brasil,RIO DE JANEIRO,ARARUAMA,Mata Atlantica,22,0,1,-22.8080,-42.4070,11.2
2020/09/13 16:45:00,AQUA_M-T,Brasil,RIO DE JANEIRO,ARMACAO DOS BUZIOS,Mata Atlantica,-999,0,1,-22.7620,-41.9960,7.3
2020/09/13 16:45:00,AQUA_M-T,Brasil,RIO DE JANEIRO,ARARUAMA,Mata Atlantica,22,0,1,-22.7060,-42.2820,10.3
2020/09/13 16:45:00,AQUA_M-T,Brasil,RIO DE JANEIRO,ARARUAMA,Mata Atlantica,22,0,1,-22.6980,-42.2950,16.5
2020/09/13 16:45:00,AQUA_M-T,Brasil,RIO DE JANEIRO,NOVA FRIBURGO,Mata Atlantica,15,0,0.8,-22.2470,-42.4840,32.7
2020/09/13 16:45:00,AQUA_M-T,Brasil,RIO DE JANEIRO,ARARUAMA,Mata Atlantica,22,0,1,-22.6970,-42.2840,47.1
2020/09/13 16:45:00,AQUA_M-T,Brasil,RIO DE JANEIRO,CANTAGALO,Mata Atlantica,22,0,1,-21.9250,-42.2770,8.6
2020/09/13 16:45:00,AQUA_M-T,Brasil,RIO DE JANEIRO,SAO SEBASTIAO DO ALTO,Mata Atlantica,22,0,1,-21.8360,-42.1040,9
2020/09/13 16:45:00,AQUA_M-T,Brasil,RIO DE JANEIRO,SAO SEBASTIAO DO ALTO,Mata Atlantica,22,0,1,-21.8340,-42.0920,11.1
2020/09/13 16:45:00,AQUA_M-T,Brasil,RIO DE JANEIRO,SANTO ANTONIO DE PADUA,Mata Atlantica,22,0,1,-21.5630,-42.1850,10.1
2020/09/13 16:45:00,AQUA_M-T,Brasil,RIO DE JANEIRO,ITAPERUNA,Mata Atlantica,22,0,1,-21.2570,-41.8190,12
2020/09/13 16:45:00,AQUA_M-T,Brasil,RIO DE JANEIRO,PIRAI,Mata Atlantica,22,0,1,-22.6000,-44.0380,12.6
2020/09/13 16:45:00,AQUA_M-T,Brasil,RIO DE JANEIRO,TERESOPOLIS,Mata Atlantica,22,0,0.9,-22.2610,-42.7790,10.7
2020/09/13 16:45:00,AQUA_M-T,Brasil,RIO DE JANEIRO,VALENCA,Mata Atlantica,22,0,1,-22.2090,-43.6420,213.7
2020/09/13 16:45:00,AQUA_M-T,Brasil,RIO DE JANEIRO,RIO DAS FLORES,Mata Atlantica,22,0,1,-22.2080,-43.6320,307.9
2020/09/13 16:45:00,AQUA_M-T,Brasil,RIO DE JANEIRO,SAO JOSE DO VALE DO RIO PRETO,Mata Atlantica,22,0,1,-22.1860,-42.9520,10.5
2020/09/13 16:45:00,AQUA_M-T,Brasil,RIO DE JANEIRO,TRES RIOS,Mata Atlantica,22,0,1,-22.1710,-43.1060,19.8
2020/09/13 16:45:00,AQUA_M-T,Brasil,RIO DE JANEIRO,TERESOPOLIS,Mata Atlantica,12,0,0.9,-22.1610,-42.7930,24.9
2020/09/13 16:45:00,AQUA_M-T,Brasil,RIO DE JANEIRO,TERESOPOLIS,Mata Atlantica,10,0,1,-22.1590,-42.7820,16.4
2020/09/13 16:45:00,AQUA_M-T,Brasil,RIO DE JANEIRO,PARAIBA DO SUL,Mata Atlantica,22,0,1,-22.0800,-43.3370,11.1
2020/09/13 16:45:00,AQUA_M-T,Brasil,RIO DE JANEIRO,PARAIBA DO SUL,Mata Atlantica,22,0,1,-22.0810,-43.3480,6.5
2020/09/13 16:45:00,AQUA_M-T,Brasil,RIO DE JANEIRO,TRES RIOS,Mata Atlantica,22,0,1,-22.0700,-43.2110,18.5
2020/09/13 16:45:00,AQUA_M-T,Brasil,RIO DE JANEIRO,COMENDADOR LEVY GASPARIAN,Mata Atlantica,22,0,1,-22.0590,-43.2020,51
2020/09/13 16:45:00,AQUA_M-T,Brasil,RIO DE JANEIRO,SAPUCAIA,Mata Atlantica,22,0,1,-21.9550,-42.8410,18.5
2020/09/13 16:45:00,AQUA_M-T,Brasil,RIO DE JANEIRO,SAPUCAIA,Mata Atlantica,22,0,1,-21.9530,-42.8300,9.4
2020/09/13 16:45:00,AQUA_M-T,Brasil,RIO DE JANEIRO,RESENDE,Mata Atlantica,22,0,1,-22.5730,-44.5510,20.4
2020/09/13 16:45:00,AQUA_M-T,Brasil,RIO DE JANEIRO,RESENDE,Mata Atlantica,22,0,1,-22.5720,-44.5410,12.1
2020/09/13 16:45:00,AQUA_M-T,Brasil,RIO DE JANEIRO,PETROPOLIS,Mata Atlantica,-999,0,0.9,-22.5540,-43.2560,9.5
2020/09/13 16:45:00,AQUA_M-T,Brasil,RIO DE JANEIRO,BARRA DO PIRAI,Mata Atlantica,22,0,1,-22.4610,-43.7950,14.5
2020/09/13 16:45:00,AQUA_M-T,Brasil,RIO DE JANEIRO,QUATIS,Mata Atlantica,22,0,0.9,-22.4390,-44.2600,8.3
2020/09/13 16:45:00,AQUA_M-T,Brasil,RIO DE JANEIRO,RESENDE,Mata Atlantica,22,0,0.9,-22.4210,-44.3900,8.8
2020/09/13 16:45:00,AQUA_M-T,Brasil,RIO DE JANEIRO,RESENDE,Mata Atlantica,22,0,0.9,-22.4010,-44.5030,7.8
2020/09/13 16:45:00,AQUA_M-T,Brasil,RIO DE JANEIRO,PATY DO ALFERES,Mata Atlantica,22,0,1,-22.3590,-43.3530,39.4
2020/09/13 16:45:00,AQUA_M-T,Brasil,RIO DE JANEIRO,BARRA MANSA,Mata Atlantica,22,0,1,-22.3950,-44.0830,8.9
2020/09/13 16:45:00,AQUA_M-T,Brasil,RIO DE JANEIRO,RESENDE,Mata Atlantica,22,0,0.8,-22.3930,-44.5140,6.2
2020/09/13 16:45:00,AQUA_M-T,Brasil,RIO DE JANEIRO,RESENDE,Mata Atlantica,22,0,0.9,-22.3920,-44.5040,6.6
2020/09/13 16:45:00,AQUA_M-T,Brasil,RIO DE JANEIRO,PATY DO ALFERES,Mata Atlantica,20,0,0.9,-22.3580,-43.3430,11.7
2020/09/13 16:45:00,AQUA_M-T,Brasil,RIO DE JANEIRO,PATY DO ALFERES,Mata Atlantica,22,0,1,-22.3510,-43.3640,32.3
2020/09/13 16:45:00,AQUA_M-T,Brasil,RIO DE JANEIRO,RESENDE,Mata Atlantica,22,0,0.9,-22.2780,-44.3510,33.8
2020/09/13 16:45:00,AQUA_M-T,Brasil,RIO DE JANEIRO,PATY DO ALFERES,Mata Atlantica,22,0,1,-22.3500,-43.3540,14.4
2020/09/13 16:45:00,AQUA_M-T,Brasil,RIO DE JANEIRO,RESENDE,Mata Atlantica,22,0,0.8,-22.2760,-44.3410,50
2020/09/14 17:30:00,AQUA_M-T,Brasil,RIO DE JANEIRO,RESENDE,Mata Atlantica,23,0,1,-22.5890,-44.5430,105.7
2020/09/14 17:30:00,AQUA_M-T,Brasil,RIO DE JANEIRO,RESENDE,Mata Atlantica,23,0,1,-22.5880,-44.5390,90.5
2020/09/14 15:50:00,AQUA_M-T,Brasil,RIO DE JANEIRO,ITAOCARA,Mata Atlantica,23,0,1,-21.7550,-42.1620,45.7
2020/09/14 15:50:00,AQUA_M-T,Brasil,RIO DE JANEIRO,CAMPOS DOS GOYTACAZES,Mata Atlantica,23,0,1,-21.7490,-41.4330,28.9
2020/09/14 15:50:00,AQUA_M-T,Brasil,RIO DE JANEIRO,CAMPOS DOS GOYTACAZES,Mata Atlantica,23,0,1,-21.7440,-41.4390,39.1
2020/09/15 16:35:00,AQUA_M-T,Brasil,RIO DE JANEIRO,PARAIBA DO SUL,Mata Atlantica,24,0,1,-22.1470,-43.2320,8.1
2020/09/15 16:35:00,AQUA_M-T,Brasil,RIO DE JANEIRO,SAO FRANCISCO DE ITABAPOANA,Mata Atlantica,24,0,1,-21.4710,-41.2560,9.2
2020/09/15 16:35:00,AQUA_M-T,Brasil,RIO DE JANEIRO,ITATIAIA,Mata Atlantica,24,0,1,-22.5110,-44.5830,7.3
2020/09/15 16:35:00,AQUA_M-T,Brasil,RIO DE JANEIRO,ITATIAIA,Mata Atlantica,24,0,1,-22.5100,-44.5720,8.3
2020/09/15 16:35:00,AQUA_M-T,Brasil,RIO DE JANEIRO,ITATIAIA,Mata Atlantica,24,0,1,-22.5090,-44.5780,10.3
2020/09/16 17:15:00,AQUA_M-T,Brasil,RIO DE JANEIRO,RESENDE,Mata Atlantica,25,0,1,-22.4860,-44.3870,33.6
2020/09/16 17:15:00,AQUA_M-T,Brasil,RIO DE JANEIRO,RESENDE,Mata Atlantica,25,0,1,-22.4830,-44.3950,29.4
2020/09/16 17:15:00,AQUA_M-T,Brasil,RIO DE JANEIRO,COMENDADOR LEVY GASPARIAN,Mata Atlantica,25,0,1,-22.0520,-43.3040,67.1
2020/09/16 17:15:00,AQUA_M-T,Brasil,RIO DE JANEIRO,COMENDADOR LEVY GASPARIAN,Mata Atlantica,25,0,1,-22.0480,-43.2970,94.2
2020/09/16 17:15:00,AQUA_M-T,Brasil,RIO DE JANEIRO,COMENDADOR LEVY GASPARIAN,Mata Atlantica,25,0,1,-22.0450,-43.2710,37.3
2020/09/17 16:20:00,AQUA_M-T,Brasil,RIO DE JANEIRO,SAQUAREMA,Mata Atlantica,25,0,1,-22.8560,-42.5240,11.7
2020/09/17 16:20:00,AQUA_M-T,Brasil,RIO DE JANEIRO,ITABORAI,Mata Atlantica,26,0,1,-22.8050,-42.8680,8.3
2020/09/17 16:20:00,AQUA_M-T,Brasil,RIO DE JANEIRO,PETROPOLIS,Mata Atlantica,11,0,1,-22.4530,-43.1630,41.9
2020/09/17 16:20:00,AQUA_M-T,Brasil,RIO DE JANEIRO,RIO CLARO,Mata Atlantica,26,0,1,-22.6550,-44.0340,26.2
2020/09/17 16:20:00,AQUA_M-T,Brasil,RIO DE JANEIRO,VALENCA,Mata Atlantica,27,0,1,-22.1590,-43.6790,10.7
2020/09/17 16:20:00,AQUA_M-T,Brasil,RIO DE JANEIRO,RIO DAS FLORES,Mata Atlantica,26,0,1,-22.1570,-43.6640,26.7
2020/09/17 16:20:00,AQUA_M-T,Brasil,RIO DE JANEIRO,NOVA FRIBURGO,Mata Atlantica,26,0,0.9,-22.3180,-42.4310,18.3
2020/09/17 16:20:00,AQUA_M-T,Brasil,RIO DE JANEIRO,NOVA FRIBURGO,Mata Atlantica,17,0,0.8,-22.2640,-42.5040,19.6
2020/09/17 16:20:00,AQUA_M-T,Brasil,RIO DE JANEIRO,NOVA FRIBURGO,Mata Atlantica,16,0.1,0.8,-22.2450,-42.5000,10.5
2020/09/17 16:20:00,AQUA_M-T,Brasil,RIO DE JANEIRO,SAPUCAIA,Mata Atlantica,26,0.2,1,-22.0490,-42.9180,44.9
2020/09/17 16:20:00,AQUA_M-T,Brasil,RIO DE JANEIRO,SAPUCAIA,Mata Atlantica,26,0.1,1,-22.0500,-42.9310,12.2
2020/09/17 16:20:00,AQUA_M-T,Brasil,RIO DE JANEIRO,SAPUCAIA,Mata Atlantica,26,0.1,1,-22.0400,-42.9330,34.7
2020/09/17 16:20:00,AQUA_M-T,Brasil,RIO DE JANEIRO,SAPUCAIA,Mata Atlantica,26,0.1,1,-22.0380,-42.9190,132
2020/09/17 16:20:00,AQUA_M-T,Brasil,RIO DE JANEIRO,CAMPOS DOS GOYTACAZES,Mata Atlantica,26,0,1,-21.9610,-41.4440,6.2
2020/09/17 16:20:00,AQUA_M-T,Brasil,RIO DE JANEIRO,SAO JOAO DA BARRA,Mata Atlantica,26,0,1,-21.7040,-41.1310,22.8
2020/09/17 16:20:00,AQUA_M-T,Brasil,RIO DE JANEIRO,SAO JOAO DA BARRA,Mata Atlantica,26,0,1,-21.7020,-41.1210,6.8
2020/09/17 16:20:00,AQUA_M-T,Brasil,RIO DE JANEIRO,ITALVA,Mata Atlantica,26,0,1,-21.3800,-41.6060,10.8
2020/09/17 16:20:00,AQUA_M-T,Brasil,RIO DE JANEIRO,ITALVA,Mata Atlantica,26,0,1,-21.3810,-41.6170,10.2
2020/09/18 17:05:00,AQUA_M-T,Brasil,RIO DE JANEIRO,BARRA DO PIRAI,Mata Atlantica,27,0,1,-22.4180,-43.9850,26.7
2020/09/18 17:05:00,AQUA_M-T,Brasil,RIO DE JANEIRO,BARRA DO PIRAI,Mata Atlantica,27,0,1,-22.4150,-43.9680,30.1
2020/09/18 17:05:00,AQUA_M-T,Brasil,RIO DE JANEIRO,BARRA DO PIRAI,Mata Atlantica,27,0,1,-22.4100,-43.9760,35
2020/09/18 17:05:00,AQUA_M-T,Brasil,RIO DE JANEIRO,PETROPOLIS,Mata Atlantica,19,0.7,0.9,-22.3950,-43.2800,34.2
2020/09/18 17:05:00,AQUA_M-T,Brasil,RIO DE JANEIRO,VASSOURAS,Mata Atlantica,27,0,1,-22.2610,-43.4910,27.3
2020/09/18 17:05:00,AQUA_M-T,Brasil,RIO DE JANEIRO,PARAIBA DO SUL,Mata Atlantica,26,0,1,-22.2090,-43.3470,22.3
2020/09/18 17:05:00,AQUA_M-T,Brasil,RIO DE JANEIRO,PARAIBA DO SUL,Mata Atlantica,27,0,1,-22.2060,-43.3540,17.2
2020/09/18 17:05:00,AQUA_M-T,Brasil,RIO DE JANEIRO,SAO JOSE DO VALE DO RIO PRETO,Mata Atlantica,25,2.5,0.6,-22.1840,-42.9290,24.1
2020/09/18 17:05:00,AQUA_M-T,Brasil,RIO DE JANEIRO,SAO JOSE DO VALE DO RIO PRETO,Mata Atlantica,25,2.8,0.6,-22.1800,-42.9100,22.8
2020/09/18 17:05:00,AQUA_M-T,Brasil,RIO DE JANEIRO,TRAJANO DE MORAES,Mata Atlantica,24,0.7,1,-22.1490,-42.2590,27.3
2020/09/18 17:05:00,AQUA_M-T,Brasil,RIO DE JANEIRO,RIO DAS FLORES,Mata Atlantica,27,0,1,-22.0720,-43.6020,39.2
2020/09/18 17:05:00,AQUA_M-T,Brasil,RIO DE JANEIRO,ITAOCARA,Mata Atlantica,27,0,1,-21.7500,-42.1770,74.8
2020/09/18 17:05:00,AQUA_M-T,Brasil,RIO DE JANEIRO,ITAOCARA,Mata Atlantica,27,0,1,-21.7460,-42.1540,48.1
2020/09/18 17:05:00,AQUA_M-T,Brasil,RIO DE JANEIRO,VOLTA REDONDA,Mata Atlantica,27,0,1,-22.5110,-44.0350,18.7
2020/09/18 17:05:00,AQUA_M-T,Brasil,RIO DE JANEIRO,VOLTA REDONDA,Mata Atlantica,27,0,1,-22.5080,-44.0290,41.9
2020/09/18 17:05:00,AQUA_M-T,Brasil,RIO DE JANEIRO,PINHEIRAL,Mata Atlantica,27,0,1,-22.5080,-44.0180,31.2
2020/09/18 17:05:00,AQUA_M-T,Brasil,RIO DE JANEIRO,PETROPOLIS,Mata Atlantica,12,0.6,0.9,-22.4800,-43.1770,18.4
2020/09/18 17:05:00,AQUA_M-T,Brasil,RIO DE JANEIRO,RIO CLARO,Mata Atlantica,27,0,1,-22.6530,-44.0630,24
2020/09/18 17:05:00,AQUA_M-T,Brasil,RIO DE JANEIRO,RIO CLARO,Mata Atlantica,27,0,1,-22.6500,-44.0460,82.2
2020/09/18 17:05:00,AQUA_M-T,Brasil,RIO DE JANEIRO,PIRAI,Mata Atlantica,27,0,1,-22.6390,-44.0480,30
2020/09/19 16:10:00,AQUA_M-T,Brasil,RIO DE JANEIRO,TRAJANO DE MORAES,Mata Atlantica,23,0,1,-22.1500,-42.2660,28.5
2020/09/19 16:10:00,AQUA_M-T,Brasil,RIO DE JANEIRO,BOM JARDIM,Mata Atlantica,19,0,1,-22.1390,-42.2870,29.5
2020/09/19 16:10:00,AQUA_M-T,Brasil,RIO DE JANEIRO,TRAJANO DE MORAES,Mata Atlantica,24,0,1,-22.1370,-42.2670,42.6
2020/09/19 16:10:00,AQUA_M-T,Brasil,RIO DE JANEIRO,SAPUCAIA,Mata Atlantica,6,0,1,-22.0700,-42.9780,52.6
2020/09/19 16:10:00,AQUA_M-T,Brasil,RIO DE JANEIRO,TRES RIOS,Mata Atlantica,16,0,-999,-22.0690,-43.0210,24.6
2020/09/19 16:10:00,AQUA_M-T,Brasil,RIO DE JANEIRO,SAPUCAIA,Mata Atlantica,10,0,1,-22.0670,-42.9970,89.1
2020/09/19 16:10:00,AQUA_M-T,Brasil,RIO DE JANEIRO,SAPUCAIA,Mata Atlantica,0,0,1,-22.0670,-42.9540,29.4
2020/09/19 16:10:00,AQUA_M-T,Brasil,RIO DE JANEIRO,SAPUCAIA,Mata Atlantica,5,0,1,-22.0650,-42.9730,67.9
2020/09/19 16:10:00,AQUA_M-T,Brasil,RIO DE JANEIRO,TRES RIOS,Mata Atlantica,19,0,-999,-22.0610,-43.0270,23.8
2020/09/19 16:10:00,AQUA_M-T,Brasil,RIO DE JANEIRO,SAPUCAIA,Mata Atlantica,13,0,1,-22.0590,-43.0040,259
2020/09/19 16:10:00,AQUA_M-T,Brasil,RIO DE JANEIRO,NOVA FRIBURGO,Mata Atlantica,16,0.7,0.7,-22.3090,-42.5500,58.6
2020/09/26 16:15:00,AQUA_M-T,Brasil,RIO DE JANEIRO,CAMPOS DOS GOYTACAZES,Mata Atlantica,2,0,1,-21.6990,-41.2880,9
2020/09/26 16:15:00,AQUA_M-T,Brasil,RIO DE JANEIRO,CAMPOS DOS GOYTACAZES,Mata Atlantica,2,0,1,-21.6970,-41.2750,74.7
2020/09/26 16:15:00,AQUA_M-T,Brasil,RIO DE JANEIRO,CAMPOS DOS GOYTACAZES,Mata Atlantica,2,0,1,-21.6920,-41.2810,36.5
2020/09/26 16:15:00,AQUA_M-T,Brasil,RIO DE JANEIRO,CAMPOS DOS GOYTACAZES,Mata Atlantica,2,0,1,-21.6900,-41.2680,21.6
2020/09/26 16:15:00,AQUA_M-T,Brasil,RIO DE JANEIRO,VALENCA,Mata Atlantica,3,0,0.1,-22.2030,-44.1220,76.2
2020/09/26 16:15:00,AQUA_M-T,Brasil,RIO DE JANEIRO,VALENCA,Mata Atlantica,3,0,0.1,-22.2010,-44.1170,83.7
2020/09/27 17:00:00,AQUA_M-T,Brasil,RIO DE JANEIRO,PARAIBA DO SUL,Mata Atlantica,2,4.8,0.6,-22.2000,-43.3740,12.1
2020/09/28 16:05:00,AQUA_M-T,Brasil,RIO DE JANEIRO,VALENCA,Mata Atlantica,4,0.4,0.8,-22.3510,-43.6950,77.9
2020/09/28 16:05:00,AQUA_M-T,Brasil,RIO DE JANEIRO,VALENCA,Mata Atlantica,5,0.4,0.5,-22.3420,-43.7000,58.4
2020/09/28 16:05:00,AQUA_M-T,Brasil,RIO DE JANEIRO,CANTAGALO,Mata Atlantica,3,2.1,0.9,-21.8140,-42.3940,36.6
2020/09/28 16:05:00,AQUA_M-T,Brasil,RIO DE JANEIRO,CANTAGALO,Mata Atlantica,3,2.1,1,-21.8110,-42.3990,44.9
2020/09/30 15:50:00,AQUA_M-T,Brasil,RIO DE JANEIRO,VARRE-SAI,Mata Atlantica,6,0,0.9,-20.9110,-41.8600,33.8
2020/09/29 16:45:00,AQUA_M-T,Brasil,RIO DE JANEIRO,SAO FRANCISCO DE ITABAPOANA,Mata Atlantica,4,0,1,-21.2630,-41.2620,19.3
2020/09/29 16:45:00,AQUA_M-T,Brasil,RIO DE JANEIRO,PIRAI,Mata Atlantica,0,0.2,0.2,-22.6190,-43.9250,8.3
2020/09/30 17:30:00,AQUA_M-T,Brasil,RIO DE JANEIRO,RESENDE,Mata Atlantica,0,0.4,1,-22.5000,-44.6430,257.3
2020/09/30 17:30:00,AQUA_M-T,Brasil,RIO DE JANEIRO,RESENDE,Mata Atlantica,1,0.3,1,-22.5110,-44.6760,47.2
2020/09/30 15:50:00,AQUA_M-T,Brasil,RIO DE JANEIRO,SAO SEBASTIAO DO ALTO,Mata Atlantica,2,0,1,-21.8510,-42.0220,80.9
2020/10/01 16:35:00,AQUA_M-T,Brasil,RIO DE JANEIRO,SAO SEBASTIAO DO ALTO,Mata Atlantica,3,0,1,-21.8430,-42.0190,11.5
2020/10/01 16:35:00,AQUA_M-T,Brasil,RIO DE JANEIRO,NOVA FRIBURGO,Mata Atlantica,3,0,0.2,-22.2810,-42.5150,9.4
2020/10/01 16:35:00,AQUA_M-T,Brasil,RIO DE JANEIRO,SAO FIDELIS,Mata Atlantica,3,0,0.3,-21.8440,-41.9000,36.9
2020/10/01 16:35:00,AQUA_M-T,Brasil,RIO DE JANEIRO,CAMPOS DOS GOYTACAZES,Mata Atlantica,4,0,1,-21.8790,-41.3170,62.8
2020/10/01 16:35:00,AQUA_M-T,Brasil,RIO DE JANEIRO,RESENDE,Mata Atlantica,0,1.9,0.7,-22.5660,-44.5020,9.7
2020/10/01 16:35:00,AQUA_M-T,Brasil,RIO DE JANEIRO,CAMPOS DOS GOYTACAZES,Mata Atlantica,3,0,1,-21.9740,-41.5890,6.8
2020/10/01 16:35:00,AQUA_M-T,Brasil,RIO DE JANEIRO,SANTO ANTONIO DE PADUA,Mata Atlantica,7,0,1,-21.5770,-42.2780,19.8
2020/10/01 16:35:00,AQUA_M-T,Brasil,RIO DE JANEIRO,RESENDE,Mata Atlantica,0,1.9,0.7,-22.5560,-44.5040,10.9
2020/10/01 16:35:00,AQUA_M-T,Brasil,RIO DE JANEIRO,CAMPOS DOS GOYTACAZES,Mata Atlantica,3,0,1,-21.9730,-41.5800,9.1
2020/10/01 16:35:00,AQUA_M-T,Brasil,RIO DE JANEIRO,COMENDADOR LEVY GASPARIAN,Mata Atlantica,2,0,1,-22.0490,-43.1650,16.5
2020/10/01 16:35:00,AQUA_M-T,Brasil,RIO DE JANEIRO,CAMPOS DOS GOYTACAZES,Mata Atlantica,4,0,1,-21.8800,-41.3270,60.6
2020/10/01 16:35:00,AQUA_M-T,Brasil,RIO DE JANEIRO,RESENDE,Mata Atlantica,0,1.7,0.8,-22.5580,-44.5150,8.3
2020/10/02 17:15:00,AQUA_M-T,Brasil,RIO DE JANEIRO,PETROPOLIS,Mata Atlantica,3,0,0.2,-22.2450,-42.9920,60.4
2020/10/02 17:15:00,AQUA_M-T,Brasil,RIO DE JANEIRO,BARRA DO PIRAI,Mata Atlantica,3,0,1,-22.4170,-43.9720,41.5
2020/10/02 17:15:00,AQUA_M-T,Brasil,RIO DE JANEIRO,PETROPOLIS,Mata Atlantica,3,0,0.6,-22.2430,-43.0290,51.8
2020/10/02 17:15:00,AQUA_M-T,Brasil,RIO DE JANEIRO,CAMPOS DOS GOYTACAZES,Mata Atlantica,4,0,1,-21.7410,-41.4270,44.2
2020/10/02 17:15:00,AQUA_M-T,Brasil,RIO DE JANEIRO,PETROPOLIS,Mata Atlantica,3,0,0.2,-22.2370,-42.9970,63.4
2020/10/02 17:15:00,AQUA_M-T,Brasil,RIO DE JANEIRO,PETROPOLIS,Mata Atlantica,3,0,0.2,-22.2520,-43.0240,82.6
2020/10/02 17:15:00,AQUA_M-T,Brasil,RIO DE JANEIRO,BARRA DO PIRAI,Mata Atlantica,3,0,1,-22.4170,-43.9670,32.5
2020/10/03 16:20:00,AQUA_M-T,Brasil,RIO DE JANEIRO,PORCIUNCULA,Mata Atlantica,9,0,1,-20.9480,-41.9590,9.3
2020/10/03 16:20:00,AQUA_M-T,Brasil,RIO DE JANEIRO,SAO FIDELIS,Mata Atlantica,5,0,0.5,-21.8340,-41.8850,61.1
2020/10/03 16:20:00,AQUA_M-T,Brasil,RIO DE JANEIRO,PARAIBA DO SUL,Mata Atlantica,3,0.4,1,-22.1620,-43.2420,16.9
2020/10/03 16:20:00,AQUA_M-T,Brasil,RIO DE JANEIRO,SAO JOAO DA BARRA,Mata Atlantica,8,0,-999,-21.7280,-41.0630,6.6
2020/10/03 16:20:00,AQUA_M-T,Brasil,RIO DE JANEIRO,BOM JARDIM,Mata Atlantica,5,0,0.5,-22.2400,-42.2830,15.5
2020/10/03 16:20:00,AQUA_M-T,Brasil,RIO DE JANEIRO,BOM JARDIM,Mata Atlantica,5,0,0.5,-22.2380,-42.2690,41.8
2020/10/03 16:20:00,AQUA_M-T,Brasil,RIO DE JANEIRO,SAO JOSE DO VALE DO RIO PRETO,Mata Atlantica,3,0.8,0.7,-22.1730,-43.0200,11.1
2020/10/03 16:20:00,AQUA_M-T,Brasil,RIO DE JANEIRO,NATIVIDADE,Mata Atlantica,9,0,0.8,-20.9470,-41.9480,24.3
2020/10/03 16:20:00,AQUA_M-T,Brasil,RIO DE JANEIRO,NATIVIDADE,Mata Atlantica,9,0,0.8,-20.9470,-41.9420,10.1
2020/10/03 16:20:00,AQUA_M-T,Brasil,RIO DE JANEIRO,NOVA FRIBURGO,Mata Atlantica,5,0.1,0.3,-22.2530,-42.5640,29.1
2020/10/03 16:20:00,AQUA_M-T,Brasil,RIO DE JANEIRO,SAO JOSE DO VALE DO RIO PRETO,Mata Atlantica,3,0.7,0.3,-22.1710,-43.0060,12.7
2020/10/03 16:20:00,AQUA_M-T,Brasil,RIO DE JANEIRO,SAO JOSE DO VALE DO RIO PRETO,Mata Atlantica,3,0.7,0.7,-22.1670,-43.0120,23.4
2020/10/03 16:20:00,AQUA_M-T,Brasil,RIO DE JANEIRO,PARAIBA DO SUL,Mata Atlantica,3,0.5,1,-22.1610,-43.2280,7.8
2020/10/03 16:20:00,AQUA_M-T,Brasil,RIO DE JANEIRO,SAO FIDELIS,Mata Atlantica,5,0,0.9,-21.8360,-41.8960,23.1
2020/10/03 16:20:00,AQUA_M-T,Brasil,RIO DE JANEIRO,SAO JOAO DA BARRA,Mata Atlantica,8,0,-999,-21.7260,-41.0530,20.6
2020/10/03 16:20:00,AQUA_M-T,Brasil,RIO DE JANEIRO,PORCIUNCULA,Mata Atlantica,9,0,1,-20.9490,-41.9540,18.3
2020/10/06 16:55:00,AQUA_M-T,Brasil,RIO DE JANEIRO,AREAL,Mata Atlantica,3,0,0.9,-22.2530,-43.1730,28.9
2020/10/06 16:55:00,AQUA_M-T,Brasil,RIO DE JANEIRO,PATY DO ALFERES,Mata Atlantica,3,0,1,-22.4020,-43.3870,10.9
2020/10/06 16:55:00,AQUA_M-T,Brasil,RIO DE JANEIRO,AREAL,Mata Atlantica,3,0,0.7,-22.2510,-43.1610,12.6
2020/10/06 16:55:00,AQUA_M-T,Brasil,RIO DE JANEIRO,PARAIBA DO SUL,Mata Atlantica,3,0,1,-22.2430,-43.1750,22
2020/10/06 16:55:00,AQUA_M-T,Brasil,RIO DE JANEIRO,CAMPOS DOS GOYTACAZES,Mata Atlantica,11,0,1,-21.9460,-41.2980,11
2020/10/06 16:55:00,AQUA_M-T,Brasil,RIO DE JANEIRO,AREAL,Mata Atlantica,3,0,1,-22.2410,-43.1630,13.5
2020/10/08 16:40:00,AQUA_M-T,Brasil,RIO DE JANEIRO,SAO SEBASTIAO DO ALTO,Mata Atlantica,9,2.4,1,-21.8150,-42.0240,15.6
2020/10/13 17:00:00,AQUA_M-T,Brasil,RIO DE JANEIRO,CAMPOS DOS GOYTACAZES,Mata Atlantica,3,0,0.8,-21.8980,-41.3310,13.2
2020/10/13 17:00:00,AQUA_M-T,Brasil,RIO DE JANEIRO,PARAIBA DO SUL,Mata Atlantica,3,0.5,1,-22.2120,-43.2870,11
2020/10/13 17:00:00,AQUA_M-T,Brasil,RIO DE JANEIRO,RIO CLARO,Mata Atlantica,3,0,0.7,-22.7650,-44.0020,21.1
2020/10/20 17:05:00,AQUA_M-T,Brasil,RIO DE JANEIRO,GUAPIMIRIM,Mata Atlantica,0,0.4,0.3,-22.6920,-42.9780,14.6
2020/10/28 16:15:00,AQUA_M-T,Brasil,RIO DE JANEIRO,CAMPOS DOS GOYTACAZES,Mata Atlantica,3,0,0.7,-21.7530,-41.4020,8.4
2020/10/29 17:00:00,AQUA_M-T,Brasil,RIO DE JANEIRO,PARAIBA DO SUL,Mata Atlantica,3,2.9,1,-22.2330,-43.3380,14.8
2020/10/29 17:00:00,AQUA_M-T,Brasil,RIO DE JANEIRO,VASSOURAS,Mata Atlantica,3,6.7,0.6,-22.3930,-43.6730,60.4
2020/10/29 17:00:00,AQUA_M-T,Brasil,RIO DE JANEIRO,CAMPOS DOS GOYTACAZES,Mata Atlantica,3,4.6,0.4,-21.7520,-41.3910,15.3
2020/11/02 16:35:00,AQUA_M-T,Brasil,RIO DE JANEIRO,PETROPOLIS,Mata Atlantica,6,0,0.4,-22.3870,-43.1240,5.7
2020/11/02 16:35:00,AQUA_M-T,Brasil,RIO DE JANEIRO,PETROPOLIS,Mata Atlantica,6,0,0.7,-22.3960,-43.1220,21.5
2020/11/02 16:35:00,AQUA_M-T,Brasil,RIO DE JANEIRO,TERESOPOLIS,Mata Atlantica,5,0,0.8,-22.2680,-42.7940,6.4
